:020000041008E2
:1000000000000828B98A08103592081009900810D5
:10001000399208103D92081041920810000000002B
:10002000000000000000000000000000BD9008106B
:100030004592081000000000499208104D920810E7
:10004000078508102D85081053850810798508103C
:100050009F850810C5850810EB85081011860810CB
:100060005192081055920810599208105D9208108C
:100070006192081065920810699208106D9208103C
:1000800040F0200070472DE9F14FB0B09246049146
:100090000DF142013A9A2B9199464A7000200AE0EC
:1000A0001AF8011B0498309A90470028049000F039
:1000B00034860D98401C0D909AF8000050B1252808
:1000C000EED1002100220791089209910A920B912A
:1000D0000C9204E00D9800F022BE41F001011AF8E4
:1000E000010F2028F9D023280CD02B2804D02D284C
:1000F00005D0302809D00BE041F00201EFE741F0D4
:100100000401ECE741F00801E9E741F01001E6E7FE
:100110002A280FD1D9F8002052F8040BC9F8002082
:1001200000280F9003D540420F9041F004010AF1DE
:10013000010A14E00F92DFF8EC3B0AE00F989842B6
:1001400005DA00EB800402EB4402303A0F920AF128
:10015000010A9AF80020A2F130000A28EED39AF89A
:1001600000002E2803D04FF0FF320E9229E01AF83B
:10017000010F2A2809D1D9F8000050F8042BC9F83A
:1001800000000E920AF1010A1BE02D280CBF0AF1B3
:10019000010A002000220E92DFF8884B0BE040B9E4
:1001A0000E9AA24205DA02EB820503EB4503303BCF
:1001B0000E930AF1010A9AF80030A3F130020A2ADC
:1001C000EDD3ADF840100FF660309AF8001000F053
:1001D000EDFE08B11AF8010B8DF842009DF84200BF
:1001E000682805D19AF8000068280CD1622106E041
:1001F0006C2804BF9AF800006C2804D171218DF896
:1002000042100AF1010A12A806901AF801BBBBF1CC
:1002100025012CD01C3900F09481091F022940F2DD
:100220009081133900F0AB84093900F08A81891E6E
:1002300000F04085491E00F0ED84491E022940F27D
:100240008081091F00F0E684491F00F0EF80491EFD
:1002500000F09584491E00F0D780C91E0CD0891E7D
:1002600000F08D84C91E00F08A8400F02EBD0123A9
:100270000793252100F026BDD9F8000050F8044B63
:10028000C9F80000002C059440F0AB802B99487809
:10029000002800F0A1804FF0FF340FF6942000F00A
:1002A00095FE241A40F0398500F01BBD01236A46F3
:1002B00002A9304600F000FE002840F02E85641EA2
:1002C000F4D13096079C12AF74B1309E17F8011B21
:1002D0000498B0470028049000F01F850D98401C3A
:1002E000641E0D90F2D130960A9C3021002C8DF8BE
:1002F00000100CDD309E01236A4602A9304600F052
:10030000DBFD002840F00985641EF4D13096059F7E
:10031000089C74B1309E17F8011B0498B047002860
:10032000049000F0FA840D98401C641E0D90F2D1E8
:1003300030960B9C3021002C8DF800100CDD309E87
:1003400001236A4602A9304600F0B6FD002840F0BD
:10035000E484641EF4D1309605980899099C4718E6
:1003600074B1309E17F8011B0498B0470028049020
:1003700000F0D3840D98401C641E0D90F2D130968D
:100380000C9C3021002C8DF800100CDD309E0123D8
:100390006A4602A9304600F08FFD002840F0BD8477
:1003A000641EF4D130969DF8400041077FF584AE7D
:1003B0002020002D8DF800007FF77EAE309C0123B9
:1003C0006A4602A9204600F077FD002840F0A58487
:1003D0006D1EF4D130946FE60FF63C30059000F0BE
:1003E00080BC0E9D002D04D5204600F00FFE044673
:1003F00007E02A46204600F025FE002814BF041B13
:100400002C46089400F06DBCD9F8001051F8040B8C
:10041000C9F8001020F00004002121F0FF35CDE9DB
:10042000024512AB0593782100F040BC2B99487827
:1004300020B14FF0FF340FF6B02030E79DF84200B6
:10044000622860D0682817D06A283FD06C2806D070
:10045000712847D074282CD07A281DD062E0D9F8B2
:10046000001051F8040BC9F80010002866D14FF0B5
:10047000FF340FF68C2012E7D9F8001051F8040B66
:10048000C9F8001020B94FF0FF340FF6742006E7CA
:100490000D99018000F025BCD9F8001051F8040B2B
:1004A000C9F80010002849D14FF0FF340FF6502052
:1004B000F5E6D9F8001051F8040BC9F8001000282F
:1004C0003CD14FF0FF340FF63820E8E6D9F80010A1
:1004D00051F8040BC9F8001080B94FF0FF340FF643
:1004E0002020DCE6D9F8001051F8040BC9F8001000
:1004F00020B94FF0FF340FF60820D0E60D9AD3173D
:10050000C0E90023EDE3D9F8001051F8040BC9F855
:10051000001020B94FF0FF340FF6E410BFE60D993C
:100520000170DEE3D9F8001051F8040BC9F800108F
:1005300020B94FF0FF340FF6C810B0E60D990160F6
:10054000CFE39DF842004C2807BFD9F80010CA1D20
:10055000D9F80000C21D22F00702C9F80020D2E934
:1005600000010832C9F80020CDE90201C80F02D00D
:1005700007982D210AE0BDF84000810702D50798B1
:100580002B2103E0C00705D50798202112AA11549A
:10059000401C079012A807994BF0200300EB010CB8
:1005A000DDE90201CDE92C01612BCDF814C021ACAD
:1005B0000BD00E98002848BF062105D404BF4BF08D
:1005C0002000672801D101210E91DDE902014F00D1
:1005D00047EAD0777E15FF174FF0FF32974208BFEA
:1005E000964210D1090341EA10510003002908BFC7
:1005F000002808D0ABF1610503211A2D089118D30A
:100600000FF61C1110E0DDE902014A00521512F14B
:10061000010F11D108030FD1ABF1610503211A2D90
:1006200008911FD30FF600110322604600F036FD3B
:1006300057E30FF6E801F7E7DDE902016A4600F04B
:1006400081FDCDE902014BF02000612811D1059810
:1006500030210170821C0592BBF1610F0CBF782123
:10066000582102E00FF6BC01DEE741700798801CBC
:100670000790DDE9020120F0000231F0004308BFDD
:10068000002A02D10026002542E14BF02008B8F1F3
:10069000610F40F092800E98002847BF2121019100
:1006A000401C0190019FDDE92C017F1C00220023EA
:1006B000DDE9024500F07EFD38BF85F00045009978
:1006C0008DF88420091F002F00910DF1850632DD81
:1006D000204629460022002300F086FD2BD21C2252
:1006E00000F09CFD04460D4600F01AFEFF1F002F8F
:1006F000804609DD00F01BFE02460B4620462946D7
:1007000000F01CFE04460D46F01D0721B8F1000F55
:100710000CDD491E5EBF08F00F0200F8012D4FEA04
:100720002818F3D502E0002200F8012D491EFAD561
:10073000C61D002FCCDC0DF18500361A01980DF195
:1007400085048642D8BF304600282FD4B04206DA4E
:100750000DF185010A5C082AA8BF0F2100DA0021EB
:10076000024621AB134400E0401E13F80159521E0B
:100770008D42F9D00F2904D10DF185018B5C5B1CF2
:100780008B54002A04D50099091D21AC401C00910E
:10079000411E0BD4621813783033DDB23A2DA4BF5A
:1007A0005B443A3B491E02F80139F4D50E99002901
:1007B00040F1AC80421E0E92A8E00099DFF8E826D6
:1007C00047F29750414391FBF2F20092DDE92C454C
:1007D000C2F10702002A25F0004504DD2046294623
:1007E00000F03EFB0BE052420020DFF8C01600F0A4
:1007F00037FB02460B462046294600F0A8FD04467A
:100800000D46B8F1660F06BF009F0A3706270E98FF
:100810003F18142FC8BF142730208DF884000DF125
:100820008506002F34DD2046294600F099FD01465B
:100830000A4606F1080304200A26B2FBF6F606EB88
:10084000860EA2EB4E02303203F8012C0A22B6FBD0
:10085000F2F202EB820EA6EB4E063036401E03F893
:10086000026DE9D1083F002F03F10806D9DD0846E3
:1008700000F07DFD02460B462046294600F05EFD55
:100880000022DFF82C3600F079FD04460D46CAE759
:100890000DF18500361A0DF1850404E00098401E24
:1008A000761E0090641C20783028F7D0B8F1660FCF
:1008B00002D10098401C04E0B8F1650F0CBF012084
:1008C00000200E9940188642B8BF701E00281DD423
:1008D000B04204DA215C3429C8BF392100DC302160
:1008E0000246631E9D1800E0401E15F80169521E65
:1008F0008E42F9D0392902D1A15C491CA154002AA9
:1009000004D50099491C1C46401C00910646009DD8
:100910000E9F30B2002802DC01260FF210644BF06B
:100920002000662808BF6D1C15D067280FFA85F8CF
:1009300041D118F1040F44DBB84542DA9DF840007C
:100940006D1C010703D430B2B842D8BF074628B2A5
:100950003F1A48BF00270FFA85F8B8F1000F00F3DF
:10096000AF800898411C0891302205990A54002F45
:1009700003DC9DF84000010705D50898411C08914B
:100980002E2205990A5417EB080FB8BF7D422DB2ED
:100990006842ED1932B20B909542B8BF2E46059BC6
:1009A000089836B2099632462146184400F076FB84
:1009B000AD1B0C95CCE0BBF1610F15D14FF0700B66
:1009C00017E030B2B84204DA9DF840100A0758BF69
:1009D00007467F1E48BF0027BBF1670F14BF4FF0CB
:1009E000450B4FF0650B04E0BBF1410F08BF4FF022
:1009F000500B0898411C0891002F059914F8012B01
:100A00000A5403DC9DF84000010719D50898411CE1
:100A100008912E2205990A54002F11DD761E30B25E
:100A20008742B8BF3E460598089B32B2214618441B
:100A300000F034FB089836B23018BF1B08900B97B3
:100A4000059808990844B8F1000F80F800B003D465
:100A50002B224270821C04E02D2145464170821CED
:100A60006D4200212CAB28460AE004460A2094FB84
:100A7000F0F000EB8005A4EB450403F8014B491CA2
:100A800000B20028F1DC012906DC4BF020006528CB
:100A900004BF302002F8010B00292CAB08D1302014
:100AA00002F8010B06E0491E585C303002F8010BD9
:100AB0000029F8DC059908980844121A099247E0C1
:100AC00030B229B288421BDA0598089B32B221461F
:100AD000184400F0E3FA089936B271180891A8EBAF
:100AE0000600002F0B9003DC9DF84000020705D59F
:100AF000059A2E2050540999491C09910C9727E01A
:100B00000598089B2AB22146184400F0C7FA0898B5
:100B1000761B4044002F089003DC9DF840100A0724
:100B200004D5411C08912E2205990A5430B28742FF
:100B3000B8BF3E460598089B32B204EB0801184442
:100B400000F0ACFA089836B23018BE1B08900B962D
:100B50009DF8400000F01400102840F0C280079A71
:100B600008980B99821809988A1882180C980F997E
:100B70008018884280F2B580081A0A90B1E09DF88A
:100B80004200622808D068280ED06A2814D06C2849
:100B90001FD0712810D01CE0D9F8001051F8040BB8
:100BA000C9F80010C0B21AE0D9F8001051F8040BCF
:100BB000C9F8001080B212E0D9F80000C21D22F07E
:100BC0000702C9F80020D2E900010832C9F8002064
:100BD00006E0D9F8001051F8040BC9F80010002104
:100BE000CDE902019DF8400001075AD5DDE9022355
:100BF000002B08BF002A54D04BF02000782850D199
:100C0000079812A930220A54401C431C079301F88C
:100C100000B046E09DF84200622808D068280ED057
:100C20006A2814D06C281FD0712810D01CE0D9F885
:100C3000001051F8040BC9F8001040B21AE0D9F8BE
:100C4000001051F8040BC9F8001000B212E0D9F8F6
:100C50000000C21D22F00702C9F80020D2E90001FD
:100C60000832C9F8002006E0D9F8001051F8040B4A
:100C7000C9F80010C117CDE90201002902D5079873
:100C80002D210AE0BDF84000810702D507982B21ED
:100C900003E0C00705D50798202112AA1154401C73
:100CA000079012A8079901440591594602A800F03F
:100CB0004DF816E001200790D9F8000050F8041B09
:100CC000C9F800008DF848100BE001212522BBF186
:100CD000000F07918DF8482003D0022207928DF86B
:100CE00049B00F9D07990A986D1A08992D1A0B980B
:100CF0006D1A09992D1A0C986D1A9DF840102D1A2D
:100D000048073FF5DFAA2021002D8DF800107FF75E
:100D1000D9AA309E2C46FFF7C9BA4FF0FF3031B048
:100D2000BDE8F08FCBCCCC0C686A6C747A4C0000B8
:100D30007072696E74665F733A2062616420257315
:100D400020617267756D656E740000002DE9FC47C7
:100D500007468A463C6950466F2808BF082505D0DB
:100D6000FFF78EF9782814BF0A251025D7E900016E
:100D70003C2680468946BAF1640F18BFBAF1690F64
:100D800005D1002903D5D8F1000869EB4909B9F16B
:100D9000000F08BFB8F1000F0CD1386B50B9082D07
:100DA0003AD197F83800010736D530223B2684F82F
:100DB0003B2031E08DF800A0404649462A46EB171B
:100DC00000F0E6FA3032D0B2761E3A2801960EDAFA
:100DD000A255404649462A46EB1700F0D9FA80460C
:100DE0005FEA010908BFB8F1000F05D108E09DF8DE
:100DF00000001218513AEBE7F868A1198842DBD3DA
:100E0000082D09D197F83800010705D5A05D3028D5
:100E100002D0761E3020A055C6F13C03BB61A1195B
:100E2000F960386B834208DAC31A3B624FF6EF7001
:100E3000398F01403987BDE8F38700280ED597F830
:100E4000380000F01400102808D17A6B7969386AEC
:100E5000521A121AD21A002AC8BF3A62BDE8F387A2
:100E60002DE9D04306460F4614464FF00008DFF840
:100E7000449012E0E00707D542464B4630463946DB
:100E800000F07CFA06460F464046494642464B462D
:100E900000F074FA641080468946002CEAD130468E
:100EA0003946BDE8D0830000A08601000000F03F75
:100EB00084D7974100002440F8B505460E461746F2
:100EC0001C4600205CB117F8011BB068A847B06051
:100ED00030B1F06A401CF0620020641EF3D1F2BD14
:100EE0004FF0FF30F2BD00007072696E74665F7380
:100EF0003A20256E20646973616C6C6F77656400BD
:100F00007072696E74663A2062616420256E206199
:100F10007267756D656E7400000000006E616E0092
:100F20004E414E00696E6600494E46003000F0B4F6
:100F30000246106895681318506803EB5004C00708
:100F400048BF4D44A3422DD013F8016B16F00300A7
:100F500004BF13F8010BC01C31090F2907D113F886
:100F6000011B0F3103E013F8017B05F8017B401EE4
:100F7000F9D10029E6D013F8010BC6F38106032E40
:100F800008BF13F8016B00EB0620404228440026FE
:100F9000B71E8F421EBF10F8017B05F8017B761C3F
:100FA000F6D1CFE7F0BC02F10C007047C9B202786D
:100FB0008A421AB11CBF10F8012FF9E718BF0020B0
:100FC00070470268531C03601170704780B500B908
:100FD00006A005490B681BB122220021984701E0B9
:100FE00000F0EEFA222002BD80110228636F6E73BA
:100FF000747261696E742068616E646C65723A2007
:10100000626164206D6573736167650000F10103BF
:10101000810704D010F8011B820781B1FAD1026860
:10102000A2F10131914311F0803104BF50F8042F37
:10103000F6E709BAB1FA81F100EBD100401CC01A01
:1010400070470000C9B2830706D0521E22D310F8A1
:10105000013B9942F7D11FE0083A13D302F1040291
:1010600041EA012141EA014150F8043B121F21BF2E
:101070004B40A3F1013C2CEA030C1CF0803FF3D061
:10108000C9B2001F083210F8013B521E28BF91EA76
:10109000030FF8D818BF0120401E704762B38B07BA
:1010A00008D0521E11F8013B00F8013B00F02480EB
:1010B0008B07F6D1830740F0208000BF103A07D39A
:1010C00030B4B1E83810103AA0E83810F9D230BC8A
:1010D000530724BFB1E80810A0E8081044BF51F836
:1010E000043B40F8043BD20724BF31F8022B20F820
:1010F000022B44BF0B7803707047121F17D35B009D
:1011000009D151F8043B20F8023B1B0C121F20F8B8
:10111000023BF6D20BE051F8043B00F8013B1B0AFE
:1011200020F8023B1B0C121F00F8013BF3D238BF22
:10113000121D521E24BF11F8013B00F8013BF8D8E4
:101140007047000010B5144600F002F8226010BD90
:10115000C1F30A5343B14A0012F5001F28D2A3F28B
:10116000FE32A1EB0251704750EA410C20D001F051
:10117000004C31EA0C01B1FA81F204BFB0FA80F3FD
:10118000D2180B3AB2F120032CBF00FA03F19140C0
:1011900041EA0C013EBFC2F1200C20FA0CF31943C6
:1011A0009040524240F2FD33D21A01EB0351704796
:1011B0000022704741EA030C50EA4C0C52EA0C0C36
:1011C0004FF4001C09D307D01CEB410F9CBF1CEB54
:1011D000430F8B4208BF824270471CEB430FFBD882
:1011E000994208BF9042704741EA030C50EA4C0C08
:1011F00052EA0C0C4FF4001C09D307D01CEB410F32
:101200009CBF1CEB430F994208BF904270471CEBF8
:10121000410FFBD88B4208BF8242704700B541ECBA
:10122000100B104600F004F851EC100B00BD00BF8D
:10123000020030EE101B40F2FF7C37D41CEA115341
:1012400013D063456BD09B18634504D201EB025168
:1012500020EE101B704701F0004141EA0C510020C4
:1012600041EC100BAFF30080704710EE100B50EA0A
:10127000410054D0B2F57F7F08D202EB5C01090532
:10128000002041EC110B20EE010B70474FF0FE41A6
:10129000002341EC113B20EE010BB2F57E7230EEE3
:1012A000101B4FEA410342EB5353CDE752421CEA75
:1012B000115316D0634532D09A4204D2A1EB0251A9
:1012C00020EE101B70475B1ED21AA1EB035120EEDB
:1012D000101B372A0CD3002001F0004141EC100B09
:1012E000C0E710EE100B50EA410018D0372AF2D2B6
:1012F000C2EB5C021105002041EC110BF1EE100A6B
:1013000020F01F0121F4F851E1EE101A20EE010B3C
:10131000F1EE101AE1EE100A11F0080FA2D1704799
:1013200041EC100BBDEEC00B10EE100A704700EE42
:10133000100AB8EEC00B51EC100B704741EC100BCB
:1013400043EC112B30EE410B51EC100B704741EC8C
:10135000100B43EC112B80EE010B51EC100B70477E
:1013600041EC100BBCEEC00B10EE100A704700EE03
:10137000100AB8EE400B51EC100B704741EC100B0B
:1013800043EC112B20EE010B51EC100B70470000C9
:10139000BBBBE1B1B2F5803F80F07E80022A1ED94E
:1013A0008C46B1FBF2F102FB11C31B0443EA10436C
:1013B000B3FBF2FC02FB1C3380B240EA0343B3FBF5
:1013C000F2F002FB103240EA0C4000237047022A80
:1013D00005D98446B0FBF2F002FB10C270474AB157
:1013E00005D100F0010249085FEA30007047002291
:1013F0000023704700F0E8B80B0002000021002035
:101400007047904271EB030CF6D3B3F5803F2FD2B7
:10141000F0B5B3FA83F7B1FA81F4A7F10F0E3D1BD3
:101420005340CEF1200602FA0EF2F3415340B5F1DB
:101430000F0746D80F3C2C444140C4F12006A04081
:10144000F1414140B1FBF3F603FB1611A2FB064547
:10145000001BA94102D2761E8018594180EA010280
:1014600021FA0EF362FA0EF200215A403046F0BD26
:1014700030B4B1FBF3FC03FB1C11A2FB0C45001BB9
:10148000A94103D2ACF1010C8018594130BC02468D
:101490000B46604600217047B2F1807F65D3F0B5FE
:1014A000B2FA82F7B1FA81F4C7F10F063D1B22FAB6
:1014B00006F307F1110EF24120355A40B5F10F073E
:1014C000B8D94140C4F12006A040F1414140B1FBF0
:1014D000F3FC03FB1C11A2FB0C45001BA94103D22A
:1014E000BCF1010C801859410F2F12D30F3FC903D3
:1014F00041EA5041B1FBF3F603FB1611A2FB06458E
:10150000D4EBC030A94102D2761E8018594146EA78
:10151000CC3C07B34140C7F12006B840F1414140FF
:10152000B1FBF3F603FB1611A2FB0645001BA94114
:1015300002D2761E8018594180EA010221FA0EF388
:10154000C7F1200462FA0EF20CFA07F05A402CFAA6
:1015500004F13043F0BD80EA010221FA0EF30021CC
:1015600062FA0EF260465A40F0BD8C46B1FBF2F1D1
:1015700002FB11C31B0243EA1063B3FBF2FC02FB44
:101580001C331B024CEA002043EA1063B3FBF2FC5D
:1015900002FB1C331B024CEA002043EA1063B3FB3E
:1015A000F2FC02FB1C331B024CEA002043EA1063EE
:1015B000B3FBF2FC02FB1C324CEA00200023704714
:1015C000012000F003B800007047000080B5AFF3C1
:1015D0000080024A11001820ABBEFBE72600020083
:1015E000022801D3012010E00B00DBB2042B01DB49
:1015F00001200AE0DFF8283803EB8000C9B2405C24
:10160000824201D3012000E000207047F8B50600B7
:101610000F0015001C00022E01D301201DE02A003E
:101620003900C9B23000FFF7DBFF012801D10120EA
:1016300013E03800C0B2002812D1B4F5807F0DD27B
:10164000DFF8E0077603304400EB850010F58050AA
:10165000016864F30F2101600020F2BD0120FCE766
:10166000FFB2012F11D1B4F5803F0CD2DFF8B407DF
:101670007603304400EB850010F5A050016864F358
:1016800017210160E8E70120E7E70120E5E700B264
:101690000012C0B27047F8B505000E001700280010
:1016A00000B2FFF7F4FF04002000C0B2022801D30B
:1016B000012024E03A003100C9B22000C0B2FFF797
:1016C0008FFF012801D1012019E0DFF85817200011
:1016D000C0B2400308442A00D2B200EB8200D0F826
:1016E000000CF6B266F3092067F30700E4B2640366
:1016F0002144EDB201EB8501C1F8000C0020F2BDE0
:1017000070B504000D001600022C01D301201DE06D
:1017100032002900C9B22000FFF762FF012801D181
:10172000012013E0DFF8FC166003085850F0004079
:1017300050F0407050F47F00EDB265F3092066F37D
:1017400007006203885064030859002070BD10B57B
:10175000C0B2002800F0EA80022800F0EB80C0F060
:10176000E780042800F0EA80C0F0E680062800F058
:10177000E980C0F0E580082800F0E880C0F0E4804F
:101780000A2800F0E780C0F0E3800C2800F0E68033
:10179000C0F0E2800E2800F0E580C0F0E180102863
:1017A00000F0E480C0F0E080122800F0E380C0F098
:1017B000DF80142800F0E280C0F0DE80162800F000
:1017C000E180C0F0DD80182800F0E080C0F0DC800F
:1017D0001A2800F0DF80C0F0DB801C2800F0DE80DB
:1017E000C0F0DA801E2800F0DD80C0F0D98020280B
:1017F00000F0DC80C0F0D880222800F0DB80C0F050
:10180000D780242800F0DA80C0F0D680262800F0A7
:10181000D980C0F0D580282800F0D880C0F0D480CE
:101820002A2800F0D780C0F0D3802C2800F0D68082
:10183000C0F0D2802E2800F0D580C0F0D1803028B2
:1018400000F0D480C0F0D080322800F0D380C0F007
:10185000CF80342800F0D280C0F0CE80362800F04F
:10186000D180C0F0CD80382800F0D080C0F0CC808E
:101870003A2800F0CF80C0F0CB803C2800F0CE802A
:10188000C0F0CA803E2800F0CD80C0F0C98040285A
:1018900000F0CC80C0F0C880422800F0CB80C0F0BF
:1018A000C780442800F0CA80C0F0C680462800F0F7
:1018B000C980C0F0C580482800F0C880C0F0C4804E
:1018C0004A2800F0C780C0F0C3804C2800F0C680D2
:1018D000C0F0C2804E2800F0C580C0F0C180502802
:1018E00000F0C480C0F0C080522800F0C380C0F077
:1018F000BF80542800F0C280C0F0BE80562800F09F
:10190000C180C0F0BD80582800F0C080C0F0BC800D
:101910005A2800F0BF80C0F0BB805C2800F0BE8079
:10192000C0F0BA805D2800F0BB80BBE01924BFE0A6
:101930003124BDE01824BBE03324B9E03524B7E0FE
:101940001424B5E03724B3E01324B1E02024AFE041
:101950001224ADE02124ABE01124A9E01024A7E07B
:101960002824A5E02924A3E02A24A1E009249FE05B
:101970002B249DE008249BE02C2499E0032497E08D
:10198000022495E0392493E03B2491E03D248FE04C
:1019900001248DE03F248BE0002489E0402487E08F
:1019A000412485E0422483E0432481E0BF247FE09A
:1019B00048247DE049247BE0BC2479E0992477E049
:1019C0009A2475E0502473E09B2471E0B6246FE004
:1019D00051246DE09C246BE0B52469E0522467E05B
:1019E000A02465E0B42463E0532461E0B3245FE005
:1019F00054245DE0B2245BE0B12459E0AD2457E00B
:101A0000602455E0AE2453E0612451E0AD244FE062
:101A100062244DE063244BE0AB2449E0642447E0BA
:101A2000AA2445E0652443E0A92441E0A8243FE03E
:101A300069243DE06B243BE06D2439E06F2437E0FE
:101A4000A32435E0702433E0A22431E071242FE098
:101A5000A1242DE097242BE0962429E0742427E08C
:101A6000952425E0752423E0942421E093241FE0AD
:101A700092241DE078241BE0792419E08C2417E0DF
:101A80007A2415E08B2413E07B2411E08A240FE0F4
:101A90005A240DE059240BE0892409E0582407E07A
:101AA000882405E09D22DFF84019002000F033FE75
:101AB0002000C0B210BD10B5C0B2002800F0EA800E
:101AC000022800F0EB80C0F0E780042800F0EA80F4
:101AD000C0F0E680062800F0E980C0F0E580082824
:101AE00000F0E880C0F0E4800A2800F0E780C0F051
:101AF000E3800C2800F0E680C0F0E2800E2800F0C1
:101B0000E580C0F0E180102800F0E480C0F0E080C3
:101B1000122800F0E380C0F0DF80142800F0E2809B
:101B2000C0F0DE80162800F0E180C0F0DD801828CB
:101B300000F0E080C0F0DC801A2800F0DF80C0F008
:101B4000DB801C2800F0DE80C0F0DA801E2800F068
:101B5000DD80C0F0D980202800F0DC80C0F0D88083
:101B6000222800F0DB80C0F0D780242800F0DA8043
:101B7000C0F0D680262800F0D980C0F0D580282873
:101B800000F0D880C0F0D4802A2800F0D780C0F0C0
:101B9000D3802C2800F0D680C0F0D2802E2800F010
:101BA000D580C0F0D180302800F0D480C0F0D08043
:101BB000322800F0D380C0F0CF80342800F0D280EB
:101BC000C0F0CE80362800F0D180C0F0CD8038281B
:101BD00000F0D080C0F0CC803A2800F0CF80C0F078
:101BE000CB803C2800F0CE80C0F0CA803E2800F0B8
:101BF000CD80C0F0C980402800F0CC80C0F0C88003
:101C0000422800F0CB80C0F0C780442800F0CA8092
:101C1000C0F0C680462800F0C980C0F0C5804828C2
:101C200000F0C880C0F0C4804A2800F0C780C0F02F
:101C3000C3804C2800F0C680C0F0C2804E2800F05F
:101C4000C580C0F0C180502800F0C480C0F0C080C2
:101C5000522800F0C380C0F0BF80542800F0C2803A
:101C6000C0F0BE80562800F0C180C0F0BD8058286A
:101C700000F0C080C0F0BC805A2800F0BF80C0F0E7
:101C8000BB805C2800F0BE80C0F0BA805D2800F008
:101C9000BB80BBE00824C0E00824BEE00824BCE010
:101CA0000824BAE00824B8E00824B6E00824B4E028
:101CB0000824B2E00824B0E00824AEE00824ACE038
:101CC0000824AAE00824A8E00824A6E00824A4E048
:101CD0000824A2E00824A0E008249EE008249CE058
:101CE00008249AE0082498E0082496E0082494E068
:101CF000082492E0082490E008248EE008248CE078
:101D000008248AE0082488E0082486E0082484E087
:101D1000082482E0082480E008247EE008247CE097
:101D200008247AE0082478E0082476E0082474E0A7
:101D3000082472E0082470E008246EE008246CE0B7
:101D400008246AE0082468E0082466E0082464E0C7
:101D5000082462E0082460E008245EE008245CE0D7
:101D600008245AE0162458E0082456E0082454E0D9
:101D7000082452E0082450E008244EE008244CE0F7
:101D800008244AE0082448E0082446E0082444E007
:101D9000082442E0082440E008243EE008243CE017
:101DA00008243AE0082438E0082436E0082434E027
:101DB000082432E0082430E008242EE008242CE037
:101DC00008242AE0082428E0082426E0082424E047
:101DD000082422E0082420E008241EE008241CE057
:101DE00008241AE0082418E0082416E0082414E067
:101DF000082412E0082410E008240EE008240CE077
:101E000008240AE0082408E0082406E04FF486725B
:101E1000DFF8D415002000F07EFC2000C0B210BD19
:101E20009C9108100000044080B5C0B2002800F06A
:101E3000EA80022800F0EB80C0F0E780042800F080
:101E4000EA80C0F0E680062800F0E980C0F0E58076
:101E5000082800F0E880C0F0E4800A2800F0E7805D
:101E6000C0F0E3800C2800F0E680C0F0E2800E288D
:101E700000F0E580C0F0E180102800F0E480C0F0C0
:101E8000E080122800F0E380C0F0DF80142800F02A
:101E9000E280C0F0DE80162800F0E180C0F0DD8036
:101EA000182800F0E080C0F0DC801A2800F0DF8005
:101EB000C0F0DB801C2800F0DE80C0F0DA801E2835
:101EC00000F0DD80C0F0D980202800F0DC80C0F078
:101ED000D880222800F0DB80C0F0D780242800F0D2
:101EE000DA80C0F0D680262800F0D980C0F0D580F6
:101EF000282800F0D880C0F0D4802A2800F0D780AD
:101F0000C0F0D3802C2800F0D680C0F0D2802E28DC
:101F100000F0D580C0F0D180302800F0D480C0F02F
:101F2000D080322800F0D380C0F0CF80342800F079
:101F3000D280C0F0CE80362800F0D180C0F0CD80B5
:101F4000382800F0D080C0F0CC803A2800F0CF8054
:101F5000C0F0CB803C2800F0CE80C0F0CA803E2884
:101F600000F0CD80C0F0C980402800F0CC80C0F0E7
:101F7000C880422800F0CB80C0F0C780442800F021
:101F8000CA80C0F0C680462800F0C980C0F0C58075
:101F9000482800F0C880C0F0C4804A2800F0C780FC
:101FA000C0F0C3804C2800F0C680C0F0C2804E282C
:101FB00000F0C580C0F0C180502800F0C480C0F09F
:101FC000C080522800F0C380C0F0BF80542800F0C9
:101FD000C280C0F0BE80562800F0C180C0F0BD8035
:101FE000582800F0C080C0F0BC805A2800F0BF80A4
:101FF000C0F0BB805C2800F0BE80C0F0BA805D28D5
:1020000000F0BB80BBE00020C0E00020BEE001206B
:10201000BCE00120BAE00220B8E00320B6E00320D3
:10202000B4E00420B2E00420B0E00520AEE00520DA
:10203000ACE00620AAE00720A8E00920A6E00A20DC
:10204000A4E00B20A2E00B20A0E00C209EE00C20DE
:102050009CE00D209AE00D2098E00E2096E00F20E5
:1020600094E0102092E0112090E011208EE01220E8
:102070008CE012208AE0132088E0142086E01520EE
:1020800084E0162082E0162080E018207EE01920EF
:102090007CE019207AE01A2078E01B2076E01C20F2
:1020A00074E01C2072E01C2070E01D206EE01D20FA
:1020B0006CE01D206AE01E2068E01E2066E01E2005
:1020C00064E01F2062E01F2060E020205EE020200E
:1020D0005CE021205AE0222058E0242056E0242011
:1020E00054E0252052E0252050E026204EE0272015
:1020F0004CE027204AE0282048E0282046E029201C
:1021000044E0292042E02A2040E02C203EE02D201F
:102110003CE02E203AE02F2038E02F2036E030201F
:1021200034E0302032E0312030E031202EE0322027
:102130002CE033202AE0342028E0342026E035202B
:1021400024E0352022E0362020E037201EE0382031
:102150001CE039201AE0392018E03A2016E03A2035
:1021600014E03B2012E03B2010E03B200EE03C203E
:102170000CE03C200AE03D2008E03D2006E040F273
:102180007B129949002000F0C6FA0020C0B202BDBF
:10219000002007E09549C2018A5822F00042C3019D
:1021A000CA50401C3F28F5DB704770B504000E0094
:1021B000002000202000C0B2FFF736FE8B4DC0B2D9
:1021C000C0012844006A80B206FB00F642F210709B
:1021D000B6FBF0F62000C0B2FFF726FEC00128448F
:1021E000B6B246612000C0B2FFF71EFE0100C9B2C0
:1021F000C9012944096C51F00101C0B2C001284451
:10220000016470BD2DE9F041AAB004000D00160074
:10221000342100221DAF380000F010FB0020742193
:1022200000226F46380000F009FB0E201E902000AF
:10223000C0B2FFF740FC8DF87C002000C0B2FFF771
:1022400086FA07005FF008082000C0B2FFF77FFAA7
:102250001DAA97FBF8F108FB11773900644BC0B257
:10226000C010C001184400F0A8FB2000C0B2FFF766
:10227000DBFD00220121C0B210F5937000B2FFF720
:102280000AFA2000C0B2FFF7CFFDC0B210F593707C
:1022900000B2FFF7FCF9092300220121C0B2FFF7C9
:1022A000B5F92000C0B2FFF7BFFDC0B210F59370C2
:1022B00000B2FFF7ECF900220121C0B2FFF720FACB
:1022C0004C48B0FBF5F1090C4A482A04B0FBF2F384
:1022D00002FB1300002800D0491C022903D2002071
:1022E0008DF801002FE0032903D201208DF80100B1
:1022F00029E0052903D202208DF8010023E00929F5
:1023000003D203208DF801001DE0112903D204201F
:102310008DF8010017E0212903D205208DF8010076
:1023200011E0412903D206208DF801000BE081293C
:1023300003D207208DF8010005E040F2C9122A49B6
:10234000002000F0E8F904208DF8000001208DF84D
:10235000100000208DF8110003208DF812000320DA
:102360008DF8130000208DF80800224901229DF904
:1023700001008240B1FBF2F0B0FBF5F0401E059089
:102380000598401C06FB00F642F21070B6FBF0F018
:10239000089002208DF8400003208DF8680001208D
:1023A0001B9001208DF828002000C0B2FFF73CFDF3
:1023B0000E4D6946C0B2C001284400F03DFB20002C
:1023C000C0B2FFF731FDC0B2C001284400F034FCB8
:1023D0002000C0B2FFF728FDC0B2C001284400F0C1
:1023E00030FC2AB0BDE8F0816C8D08100000584028
:1023F0000000314000127A0082B0002001900020DD
:1024000000900020019009E00098401C0090009886
:10241000B0F5005FF8D30198401C01900198B0F529
:10242000805F02D200200090F1E702B0704780B5D3
:102430000100002000F0DAFE01BD2DE9F043ADF50A
:10244000137D0700884616001C000020ADF802002E
:102450000020ADF80000002002900020ADF804003C
:102460000020ADF806004046FEF7D0FD0290DFF8F0
:1024700090532888002801D028698047DFF884031A
:102480000078002800F033812888002800F01181AE
:10249000BDF90600411CADF806103A00010089B2F2
:1024A0000020EB68984747464046FEF7AFFD029094
:1024B0006888A97990FBF1F0ADF804003800471C5A
:1024C00000780028FAD10020ADF800000EE07F1E51
:1024D00038782F2802D038785C2804D1BDF8000065
:1024E000401CADF800000298401E0290BDF80000AC
:1024F000022802DA02980028E9D50298002806D4BA
:102500007A1CDFF8041353A801F064F90EE0BDF85B
:102510000000002805D13A00BC4953A801F05AF93F
:1025200004E03A00B84953A801F054F90020ADF88E
:10253000020042E0BDF80010BDF80020BDF80230F6
:1025400053AF9BB2BDF90400434313FA82F0385CE9
:1025500043AA89B25054BDF80000401CADF80000F9
:10256000BDF8000080B2BDF9041088420EDA53A80D
:10257000FEF74CFDBDF80020BDF802309BB2BDF95E
:1025800004104B4313FA82F18842D3D2002043A9AE
:10259000BDF800208854BDF90600411CADF80610B6
:1025A00043AAE97911FB00F189B20020EB68984752
:1025B000BDF80200401CADF80200BDF8027053A83F
:1025C000FEF724FDBDF90410B0FBF1F0401CBFB2D2
:1025D000874203D20020ADF80000C1E732008C49E9
:1025E00053A801F0F7F8BDF90600411CADF806103C
:1025F00053AAE97911FB00F189B20020EB689847F2
:10260000002C74D00020ADF8020041E0BDF80010AD
:10261000BDF80020BDF802309BB2BDF90400434371
:1026200013FA82F0205C43AA89B25054BDF800002E
:10263000401CADF80000BDF8000080B2BDF90410E8
:1026400088420EDA2000FEF7E1FCBDF80020BDF85C
:1026500002309BB2BDF904104B4313FA82F1884259
:10266000D4D2002043A9BDF800208854BDF906004B
:10267000411CADF8061043AAE97911FB00F189B2BB
:102680000020EB689847BDF80200401CADF802003E
:10269000BDF802602000FEF7B9FCBDF90410B0FBE4
:1026A000F1F0401CB6B2864221D20020ADF8000005
:1026B000C1E74FF4807100220DF10C09484600F08B
:1026C000BDF83800A9688847002C07D00094330073
:1026D0004246504903A801F07DF805E03300424628
:1026E0004D4903A801F076F803A8A96888470DF5BD
:1026F000137DBDE8F08310B542480078002809D06A
:10270000474C2100002000F07FFD012221004348BA
:1027100001F0E5F810BD38B50C001500C0B2002876
:1027200003D140480078002800D131BD3E490878E7
:10273000002800D0FEE70878401C087001F0D8FAA5
:1027400000232A0021003948FFF777FEFFF754FEE7
:10275000F6E710B514001A00C0B2002808D12948C5
:102760000078002804D00B0021003148FFF765FEF7
:1027700010BD002101804FF6FF7141808180FF2153
:102780008171C171002181600021C160002101615E
:1027900070471B4902880A8042884A8082888A8062
:1027A00082798A71C279CA7182688A60C268CA6095
:1027B00000690861012013490870704700B585B0B1
:1027C0006846FFF7D6FF1B4802906846FFF7E1FF17
:1027D00005B000BD80B5FFF7F1FF002300225FF4D4
:1027E000E131002000F0F6FE4023134A00210B489F
:1027F00001F015FA0121002000F0F9FD01BD0000F3
:10280000DC1002289D1102286C9108104C910810D0
:10281000789108108490081024910810AC100228B8
:102820009E110228E60702289F1102285C910810D9
:10283000849108102F240810800F022862F30F22C1
:1028400062F31F42401810F0030308D0C91A1FD3C7
:10285000DB0748BF00F8012D28BF20F8022D130028
:1028600030B414461546103928BF20E93C00FAD888
:10287000490728BF20E90C0048BF40F8042D890013
:1028800028BF20F8022D48BF00F8012D30BC70474A
:10289000C91818BF00F8012DCB0728BF00F8012D7B
:1028A0007047000030B4614B1818C009604C14EB3D
:1028B000001404290DD223681F25C8008540AB43AE
:1028C000D2B212F01F02C90012FA01F119432160BD
:1028D0000CE0091F63681F25C8008540AB43D2B2D6
:1028E00012F01F02C9008A401A43626030BC704770
:1028F000002A04D1012212FA01F1416003E0012211
:1029000012FA01F18160704710B48900436C0F2402
:102910008C40A34312F00F0212FA01F119434164F3
:1029200010BC704710B4836C01248C40A34312F098
:10293000010212FA01F11943816410BC704710B40E
:10294000C36C01248C40A34312F0010212FA01F17E
:102950001943C16410BC704710B449001031C36CF6
:1029600003248C40A34312F0030212FA01F119432D
:10297000C16410BC70474269012212FA01F1416141
:102980004069704710B4836901248C40A34312F05E
:10299000010212FA01F11943816110BC704710B4B1
:1029A0004900036C03248C40A34312F0030212FA83
:1029B00001F11943016410BC7047F8B505000E0021
:1029C00014000027002D2ED0002C2CD022683100BE
:1029D0002800FFF78DFF227A31002800FFF762FF01
:1029E000626931002800FFF79DFFA26931002800CD
:1029F000FFF7A5FFE26931002800FFF7ADFF62682D
:102A000031002800FFF780FFE26831002800FFF75F
:102A1000C6FF31002800FFF7AEFF22693100280011
:102A2000FFF7B0FF00E0034F3800F2BD0000CFBF5A
:102A30000000304001005A000122002800F0EC8024
:102A4000002900F0E980754A12680B7A63F392421C
:102A50000B7B13F0030363F311420B7813F00703AE
:102A600063F31A628B7863F39E7291F8283063F3F4
:102A7000000291F8343063F341020B7F63F382026A
:102A80004B7F63F3C30291F8403063F38A2291F8DD
:102A90004030DBB25B08DBB263F3492291F870305F
:102AA00063F3082291F8713013F0030363F30D32DE
:102AB00002600A7A002A02D10022826007E00A7AC4
:102AC000012A02D14A69826001E0012282600A6A19
:102AD00002614A6A4261CA6A82610A6BC2614A69DA
:102AE00002628A6942624E4A126891F8443003F0E9
:102AF000FF03120A12021A4391F84C3003F0FF034D
:102B000063F3174291F85C3003F0FF0363F31F6235
:102B100091F86C3003F0FF0363F30F224264414AE3
:102B2000126891F8643003F0FF0363F30F2291F809
:102B3000543003F0FF03120A12021A4382643A4A25
:102B4000126891F8413013F00303920892001A437F
:102B500091F8603013F0030363F38B2291F848304F
:102B600013F0030363F3051291F8503013F00303DD
:102B700063F3092291F8583013F0030363F38712CB
:102B800091F8683013F0030363F38302C264274AA9
:102B9000126891F8723013F00703D208D2001A437A
:102BA00091F8733013F0070363F30612426591F84E
:102BB000352082671E4A12680B7C13F003039208CB
:102BC00092001A43CB7C13F0030363F387124B7C10
:102BD00013F0030363F383028B7C13F0030363F3AB
:102BE00005120265134A1268CB8863F31F428B8873
:102BF0009BB21B0A9BB263F30F220B78052B06D105
:102C0000097901F0FF01120A12020A4302E0497831
:102C100061F3070202630022100070471892081047
:102C20001C92081020920810249208102892081074
:102C30002C92081030920810016851F00041016098
:102C400070474030016851F010010160704700008A
:102C5000022801D3012010E00B00DBB2042B01DBC2
:102C600001200AE0DFF8643903EB8000C9B2405C60
:102C7000824201D3012000E000207047F8B5040033
:102C80000F0015001E00022C01D301202AE02A00AB
:102C90003900C9B22000FFF7DBFF012801D1012074
:102CA00020E006983900C9B202291ED1B6F5803F4E
:102CB00019D2202817D24FF4C052DFF81419630339
:102CC0000B4403EB850313441F6866F317271F604B
:102CD0006403214401EB850111440A6860F3C702D3
:102CE0000A600020F2BD0120FCE7FFB2032F1FD1D4
:102CF000B6F1807F1AD2202818D24FF4E052DFF8C4
:102D0000D01863030B4403EB850313441F6807F0DB
:102D1000FF0757EA06271F606403214401EB850182
:102D200011440A6860F3C7020A60DAE70120D9E7B4
:102D30000120D7E700B20012C0B27047F8B5050015
:102D40000E001700280000B2FFF7F4FF0400200077
:102D5000C0B2022801D3012024E03A003100C9B2F8
:102D60002000C0B2FFF774FF012801D1012019E053
:102D7000DFF85C182000C0B2400308442A00D2B239
:102D800000EB8200D0F8000CF6B266F3092067F37E
:102D90000700E4B264032144EDB201EB8501C1F800
:102DA000000C0020F2BD70B504000D001600022CCE
:102DB00001D301201DE032002900C9B22000FFF735
:102DC00047FF012801D1012013E0DFF80418600358
:102DD000085850F0004050F0407050F47F00EDB2C1
:102DE00065F3092066F307006203885064030859FD
:102DF000002070BDD0F84003704710F541700268A4
:102E000061F3070202607047D0F80803C005C00DE7
:102E1000704710F541710A6852F480320A6010F56B
:102E200041710A6832F480320A60D0F804037047B6
:102E3000C0F840127047D0F80802C005C00D7047B6
:102E4000D0F80802C0F3C030704738B5050028003C
:102E5000FFF7F1FF04002800FFF7F2FF0419002C30
:102E600001D1012000E00020C0B232BDC0F8C81F6F
:102E70007047D0F8C80F7047C0F8C01FD0F8C00F17
:102E80007047C0F8881F7047D0F8880F7047C0F8A7
:102E9000801FD0F8800F7047016851F00041016039
:102EA00070472DE9F84F0400012500200020DFF8CD
:102EB000E4082100C9B250F82160D6F804030006E6
:102EC00001D1042700E001273000FFF7D2FF3900CD
:102ED000C9B2084253D03800C0B2012835D1300001
:102EE000FFF792FF80465FF0000901E019F1010948
:102EF0004046C0B2814522DADFF89CA82000C0B26B
:102F00001AF80000411C2200D2B20AF80210DFF8C1
:102F10008C182200D2B2120101EB020BC0B2009059
:102F20003000FFF767FF00990BF801002000C0B2E6
:102F30001AF800001028D9DB3000FFF76AFF0120E3
:102F4000DFF85C18E4B2085513E03000FFF752FFD9
:102F5000DFF848182200D2B2120188540120DFF8AD
:102F600038182200D2B288540120DFF83418E4B2B5
:102F70000855FFB239003000FFF77EFF0AE030004D
:102F8000FFF782FF800505D54FF400713000FFF791
:102F90007EFF00252800C0B2BDE8F28F38B50400DE
:102FA0001500C9B200290ED0102919D0202924D02B
:102FB00030292FD031293AD0402945D0502950D03E
:102FC00060295BD067E0DFF8DC07A0600120207398
:102FD000112060734FF48C70E0811220208260E039
:102FE000DFF8C407A060012020731120607340F255
:102FF0001D10E0816B20208253E0DFF8B007A06055
:1030000001202073112060734FF48E70E0816A20DC
:10301000208246E0DFF89807A0600220207311208C
:10302000607340F21B10E0816920208239E0DFF8F4
:103030008407A060012020731120607340F21B10F0
:10304000E081692020822CE0DFF86C07A06001207D
:103050002073132060734FF48D70E081682020820C
:103060001FE0DFF85807A060012020731120607373
:1030700040F21F10E0816D20208212E0DFF840074F
:10308000A06001202073112060734FF48F70E081E5
:103090006C20208205E0DE22DFF828170020FFF7F1
:1030A0003AFBEDB2002D0ED0102D19D0202D24D0DA
:1030B000302D2FD0312D3AD0402D45D0502D50D02D
:1030C000602D5BD067E0DFF8DC0620600020207117
:1030D000112060714FF48C70E0811220208261E039
:1030E000DFF8C4062060002020711120607140F2DA
:1030F0001D10E0816B20208254E0DFF8B0062060D4
:1031000000202071112060714FF48E70E0816A20E0
:10311000208247E0DFF8980620600120207111200E
:10312000607140F21B10E081692020823AE0DFF8F4
:1031300084062060002020711120607140F21B1075
:10314000E081692020822DE0DFF86C0620600020FD
:103150002071132060714FF48D70E081682020820F
:1031600020E0DFF8580620600020207111206071F7
:1031700040F21F10E0816D20208213E0DFF840064E
:10318000206000202071112060714FF48F70E08169
:103190006C20208206E04FF49172DFF828160020A0
:1031A000FFF7B9FA31BD38B50400DFF8E855C9B208
:1031B0002000C0B255F82000FFF73AFE2000C0B250
:1031C00055F82000FFF741FE0028F7D031BD70B55B
:1031D00005000E00140006E031782800C0B2FFF7A9
:1031E000E2FF641E761C002CF6D170BD38B50400D9
:1031F0000D0005E029782000C0B2FFF7D4FF6D1C58
:1032000028780028F6D131BD30B40022DFF890359F
:103210000200D2B29A5C002A2CD0DFF8802504008C
:10322000E4B22401145D0C70DFF86C450100C9B2F2
:10323000615C491E0500EDB261550100C9B2615CD7
:10324000002912D000210300DBB2E35C99420FDABF
:103250000300DBB21B0113440500EDB22D01154440
:103260000D446D785D54491CEDE70021C0B219543E
:10327000012000E00020C0B230BC704770B40022D2
:10328000DFF81C350200D2B29A5C002A1CD0DFF8AD
:1032900008450200D2B2A25C00250600F6B2A55590
:1032A000002409E0DFF8F4540600F6B23601354494
:1032B0002D5D0D70491C641C1500EDB2AC42F1DBB4
:1032C0000021C0B2195400E000221000C0B270BC4E
:1032D000704770B505000C00DFF8B8642800C0B274
:1032E00056F82000FFF7D0FD4008400001002800FC
:1032F000C0B256F82000FFF7C4FD2800C0B256F84F
:103300002000FFF7C1FD30F0020001002800C0B22C
:1033100056F82000FFF7B5FD2800C0B256F820008F
:10332000FFF7B2FD30F0200001002800C0B256F8CF
:103330002000FFF7A6FD2800C0B256F82000FFF7D6
:10334000A3FD30F0400001002800C0B256F8200074
:10335000FFF797FD2800C0B256F82000FFF794FD54
:1033600030F0100001002800C0B256F82000FFF72E
:1033700088FD2800C0B256F82000FFF785FD30F424
:10338000807001002800C0B256F82000FFF779FDD8
:103390002800C0B256F82000FFF776FD30F48060B8
:1033A00001002800C0B256F82000FFF76AFD002C8B
:1033B0000ED02800C0B256F82000FFF75AFD50F496
:1033C00000700100EDB256F82500FFF75AFD0DE040
:1033D0002800C0B256F82000FFF74BFD30F4007013
:1033E0000100EDB256F82500FFF74BFD70BD70B53A
:1033F00005000C00DFF89C632800C0B256F82000DE
:10340000FFF737FD30F0080001002800C0B256F881
:103410002000FFF72BFD2800C0B256F82000FFF770
:1034200028FD30F0200001002800C0B256F820002E
:10343000FFF71CFD2800C0B256F82000FFF719FD69
:1034400030F4807001002800C0B256F82000FFF769
:103450000DFD2800C0B256F82000FFF70AFD30F439
:10346000007001002800C0B256F82000FFF7FEFCF3
:103470002800C0B256F82000FFF7FBFC30F40060D3
:1034800001002800C0B256F82000FFF7EFFC28002A
:10349000C0B256F82000D0F8040300061FD1002C5B
:1034A0005BD12800C0B256F82000FFF7E2FC4008CC
:1034B000400001002800C0B256F82000FFF7D6FCFB
:1034C0002800C0B256F82000FFF7D3FC30F004000B
:1034D0000100EDB256F82500FFF7C8FC70BD002CC6
:1034E0001DD02800C0B256F82000FFF7C2FC30F013
:1034F000040001002800C0B256F82000FFF7B6FC17
:103500002800C0B256F82000FFF7B3FC50F00100CD
:103510000100EDB256F82500FFF7A8FCDEE7280011
:10352000C0B256F82000FFF7A4FC30F00400010000
:103530002800C0B256F82000FFF798FC2800C0B25F
:1035400056F82000FFF795FC400840000100EDB25E
:1035500056F82500FFF78AFCC0E72800C0B256F8ED
:103560002000FFF786FC4008400001002800C0B2A0
:1035700056F82000FFF77AFC2800C0B256F8200069
:10358000FFF777FC50F004000100EDB256F825007B
:10359000FFF76CFCA2E738B504000D002800C0B2AC
:1035A000102801DA012000E0002040F23122DFF88B
:1035B0001412C0B2FFF7AFF8EDB229007548E4B2BB
:1035C00050F82400FFF719FC31BD00009C91081051
:1035D000000004402DE9F0412DED028BA8B005005C
:1035E0000E00170028003900C9B20909C0B288428C
:1035F00001D1012000E000201C00DFF8C8814FF459
:1036000021724146C0B2FFF786F828002100C9B2F6
:103610000909C0B2884201D1012000E0002040F237
:1036200085224146C0B2FFF776F802A8142100F0C7
:1036300087FB342100220DF168084046FFF7FEF8B1
:103640004C2100220DF11C084046FFF7F7F8082036
:1036500080B206FB00F65C48B0FBF6F85A4806FB61
:10366000180000EE100AB8EE400B01EE106AB8EE3A
:10367000411B80EE010BBFEEED0B10EE100B08EEC0
:10368000100A2200D2B23900C9B202A8FFF786FCA4
:1036900008201B909DF80D008DF870001AAA9DF867
:1036A0000C100298FFF789F906201B909DF8150071
:1036B0008DF870001AAA9DF814100498FFF77DF990
:1036C00000200790082008900820099002200B9005
:1036D00000200C9000201290002014902D4C280007
:1036E000C0B254F8200000F071FC38492A00D2B270
:1036F000382042430A4407A92800C0B254F82000E9
:1037000000F022FB2800C0B254F82000FFF7C4FBF1
:103710002A00D2B20321BDF91600FFF70FFBBDF955
:103720001600FFF707FB8DED008AB8F1010843464C
:103730002A00D2B20321C0B2FFF7A0FABDF91600E9
:10374000FFF7F8FA2A00D2B20321C0B2FFF72BFB31
:10375000BDF91800ADF800000320ADF8020001200B
:103760008DF8040007221A482900C9B250F8211028
:10377000684600F0C9FA00212800C0B2FFF737FE02
:1037800000212800C0B2FFF7A4FD28B0BDEC028BD9
:10379000BDE8F081C80702283C110228600D02280C
:1037A0004411022800003140000231400005314040
:1037B000800831408006314000073140000131402F
:1037C00080013140248E081000B4C404E8090228A6
:1037D000AC0702280CB430B583B00A4606A90291A2
:1037E000044600250194009502AB01A908487844DD
:1037F0001E30FCF748FC019A157000284EBF0446A5
:103800000198041B204603B030BC5DF80CFB00BFE0
:10381000B3D7FFFF82688918816003E0826841693D
:10382000521A8260816842699142F7D27047C26839
:103830008918C16003E0C2684169521AC260C16858
:1038400042699142F7D2704770B50400002C01D054
:10385000012000E000205422DFF8FC13C0B2FEF784
:103860005AFF0025207850F0010020700020A06051
:103870000020E060606920616078002803D00228A1
:1038800010D007D315E06169002266683000FEF7AA
:10389000D5FF0EE061694900002266683000FEF73E
:1038A000CDFF06E061698900002266683000FEF7FE
:1038B000C5FF002020702800C0B270BD10B5040004
:1038C000002C01D0012000E000207022DFF88813D6
:1038D000C0B2FEF720FF60692169401A10BD2DE9D2
:1038E000F84305001600002D01D0012000E0002063
:1038F0000C00AA22DFF86013C0B2FEF70CFF00270D
:103900000020002C01D10327B5E0287810F0050F26
:1039100001D00427AFE0287850F00400287028690F
:10392000B042C0F0A380D5F81480A868B8EB0008B6
:10393000B04567D26878002803D0022841D01FD351
:1039400090E0424621006868AB6800EB03094846F6
:10395000FDF7A4FB41462800FFF75CFFB6EB080229
:1039600004EB08016868AB6800EB03042000FDF776
:1039700095FBB6EB080841462800FFF74BFF71E0C6
:103980005FEA480221006868AB6800EB43094846DB
:10399000FDF784FB41462800FFF73CFFB6EB080229
:1039A000520004EB48016868AB6800EB4304200058
:1039B000FDF774FBB6EB080841462800FFF72AFF25
:1039C00050E05FEA880221006868AB6800EB830979
:1039D0004846FDF763FB41462800FFF71BFFB6EBA7
:1039E0000802920004EB88016868AB6800EB83046E
:1039F0002000FDF753FBB6EB080841462800FFF70F
:103A000009FF2FE06878002803D002281DD00ED3CC
:103A100028E0320021006868AB6800EB0304200056
:103A2000FDF73CFB31002800FFF7F4FE1AE07200BE
:103A300021006868AB6800EB43042000FDF72EFB13
:103A400031002800FFF7E6FE0CE0B20021006868B4
:103A5000AB6800EB83042000FDF720FB3100280059
:103A6000FFF7D8FE2869861B2E6100E0052728781D
:103A700010F0FB0028703800C0B2BDE8F2832DE9D9
:103A8000F04705000E001F00002D01D0012000E0CE
:103A900000201400DFF8C08140F25B124146C0B242
:103AA000FEF739FE002C01D0012000E000204FF489
:103AB000AE724146C0B2FEF72EFE5FF00008002055
:103AC0000020002E02D15FF003088BE0297811F06E
:103AD000030F03D020605FF006089CE02800FFF78A
:103AE000EDFE2168884209D220605FF007080028B7
:103AF00004D1287810F0F70028708CE0287850F076
:103B000008002870D5F81490E868B9EB000920681F
:103B1000814522D36878002803D0022813D008D327
:103B20005CE022686868E96801443000FDF7B6FA95
:103B300054E0226852006868E96800EB41013000F7
:103B4000FDF7ACFA4AE0226892006868E96800EB89
:103B500081013000FDF7A2FA40E06878002803D028
:103B6000022827D011D339E04A466868E968014441
:103B7000B2465046FDF792FA2268B2EB0902696834
:103B80004E443000FDF78AFA28E05FEA490268688F
:103B9000E96800EB4101B2465046FDF77FFA226822
:103BA000B2EB09025200696806EB49063000FDF7E6
:103BB00075FA13E05FEA89026868E96800EB810141
:103BC000B2465046FDF76AFA2268B2EB090292004B
:103BD000696806EB89063000FDF760FA287810F076
:103BE000F7002870FFB2002F15D128780B2802D1DA
:103BF0005FF002080FE0287850F00200287021687A
:103C00002800FFF714FE29692068411829612878E7
:103C100010F0FD0028704046C0B2BDE8F087F8B54E
:103C200004000E0017001D00002C01D0012000E050
:103C300000204FF407720849C0B2FEF76CFD002067
:103C400067600021217066700021A1600021E160A1
:103C500025616561C0B2F2BD108D0810010009B286
:103C6000002908D4012210F01F018A401B4900B22C
:103C7000400941F820207047010009B2002908D40A
:103C8000012210F01F018A40154900B2400941F895
:103C900020207047020012B2002A04D44901114AC0
:103CA00000B2115407E049010F4A00B210F00F00B2
:103CB000104400F8041C7047002800D162B60B487D
:103CC0000168491C0160704772B6084908680028FD
:103CD00002D00868401E08600868704700E100E0F4
:103CE00080E200E000E400E018ED00E07811022836
:103CF00080B5FFF7E9FFFEF74BFA01BD80B5C9B209
:103D000000B2FFF7C7FF01BD70B504000D0016003B
:103D1000200000F0A3F92900B4F9000000F0DDF95B
:103D20003100C9B2B4F90200FFF7E8FFB4F90200AC
:103D3000FFF7A2FFB4F90200FFF790FF70BD00008B
:103D4000002200F0E1B900002DE9F44FDFF8D8229D
:103D5000DFF8D8321B68DFF8D8422468DFF8D45285
:103D60002D68DFF8D4623668DFF8D0723F68DFF87C
:103D7000D0C2DCF800C0DFF8CCE2DEF800E0DFF80B
:103D8000C882D8F80080DFF8C492D9F80090DFF834
:103D9000C0A2DAF800A0002800F01581002900F088
:103DA00012810A68022A06D191F82620002A02D13F
:103DB0005FF0000B03E0D1F804B0BBF1010B91F808
:103DC0002420002A01D0012200E0002262F31043E7
:103DD00033F440436BF30303022262F3196303607D
:103DE0000A7812F0030262F31964046491F8252042
:103DF000002A01D0012200E0002262F38615CA7E6B
:103E0000002A01D0012200E0002262F38A254A7EC6
:103E1000002A01D0012200E0002262F308258A7EF8
:103E2000002A01D0012200E0002262F349258A6BBA
:103E3000521E12F00F0262F313450A69521E12F06D
:103E40000702ED08ED0015434A6962F304154A695B
:103E5000520862F3451585640A7B002A01D00122CD
:103E600000E0002262F308260A7E002A01D0012227
:103E700000E0002262F349268A68521E12F01F02F7
:103E8000760976011643C0F800630A7F02F0FF024C
:103E90003F0A3F02174391F8202002F0FF0262F32D
:103EA0001747C0F8107391F82720002A01D001228B
:103EB00000E0002262F3082C0A69521E12F0070289
:103EC0005FEADC0C5FEACC0C52EA0C0C4A6962F344
:103ED000041C4A69520862F3451CC0F844C00A7BBE
:103EE000002A01D0012200E0002262F3082E8A6835
:103EF000521E12F01F025FEA5E1E5FEA4E1E52EA79
:103F00000E0E0A68012A01D1012200E0002262F3AC
:103F1000104EC0F800E291F83C2002F0FF025FEA88
:103F200018285FEA082852EA0808C0F8048391F8C4
:103F30002820002A01D0012200E0002262F3596902
:103F4000CA6A012A01D1012200E0002262F3186945
:103F50004A6B012A01D1012300E00023009A63F398
:103F6000104991F8303003F0FF035FEA19295FEA46
:103F7000092953EA0909C0F8509091F8443003F038
:103F8000FF035FEA1A2A5FEA0A2A53EA0A0AC0F81C
:103F900004A28B6CC0F8883F096CC0F8C81F002AC7
:103FA00010D00020506000201060002090600020A1
:103FB000D060002010620020D06200201063DFF883
:103FC0009400506300221000BDE8F28FDFF88810E3
:103FD00001605FF4401101640021816440F2071127
:103FE000C0F800130022C0F804230022C0F81023F8
:103FF00000224264C0F800120021C0F8041200211F
:1040000001650021C0F8C81E0021C0F8881E0021EB
:10401000C0F8C81F0021C0F8881F0021C0F8081F81
:104020000021C0F8481F70470160AA00D491081011
:10403000D8910810DC910810E0910810E491081064
:10404000E8910810EC910810F0910810F491081014
:10405000F8910810EFCDAB000F00000330B4002141
:10406000234A1368234A1468002832D0224A15686C
:10407000C5F303250E2D0FD01268C2F303220D2ABB
:1040800028D1827812F00F02240924011443027906
:10409000002A15D0012214E0827812F00F021B09C9
:1040A0001B0113430279002A01D0012200E0002203
:1040B00062F3DF73114AB0F9000042F8203009E0E2
:1040C000002262F3DF740E4AB0F9000042F820408B
:1040D00000E00649080030BC70470A4B1A68002A05
:1040E00003D01A6800B242F8201070470100560051
:1040F000FC910810009208100000204000A0204011
:1041000000C02040EC06022800B500BF1300964610
:104110009446103928BFA0E80C50FAD85FEA417CD9
:1041200028BF0CC048BF40F8042BC90728BF20F89F
:10413000022B48BF00F8012B00BD0000D0F8080397
:10414000C005C00D704710F541710A6852F4803205
:104150000A6010F541710A6832F480320A60D0F8C2
:1041600004037047C0F840127047D0F80802C00539
:10417000C00D7047D0F80802C0F3C030704738B5A2
:1041800005002800FFF7F1FF04002800FFF7F2FF09
:104190000419002C01D1012000E00020C0B232BD82
:1041A0000068C0F38130002801D1802000E0402069
:1041B0007047016851F0004101607047203002688B
:1041C00061F39B620260704780B5FFF7B7FF02BDE5
:1041D00080B5FFF7B8FF01BD022801D3012010E030
:1041E0000B00DBB2042B01DB01200AE0DFF82035F5
:1041F00003EB8000C9B2405C824201D3012000E0A1
:1042000000207047F8B504000F0015001E00022CB6
:1042100001D301202AE02A003900C9B22000FFF7AB
:10422000DBFF012801D1012020E006983900C9B246
:1042300002291ED1B6F5803F19D2202817D24FF49B
:10424000C052DFF8D01463030B4403EB850313441F
:104250001F6866F317271F606403214401EB850183
:1042600011440A6860F3C7020A600020F2BD012011
:10427000FCE7FFB2032F1FD1B6F1807F1AD22028AE
:1042800018D24FF4E052DFF88C1463030B4403EBB5
:10429000850313441F6807F0FF0757EA06271F60CE
:1042A0006403214401EB850111440A6860F3C702ED
:1042B0000A60DAE70120D9E70120D7E700B200124F
:1042C000C0B27047F8B505000E001700280000B214
:1042D000FFF7F4FF04002000C0B2022801D3012040
:1042E00024E03A003100C9B22000C0B2FFF774FFE9
:1042F000012801D1012019E0DFF818142000C0B214
:10430000400308442A00D2B200EB8200D0F8000C2F
:10431000F6B266F3092067F30700E4B264032144B0
:10432000EDB201EB8501C1F8000C0020F2BD70B5C3
:1043300004000D001600022C01D301201DE0320004
:104340002900C9B22000FFF747FF012801D1012051
:1043500013E0DFF8C0136003085850F0004050F03D
:10436000407050F47F00EDB265F3092066F307005A
:104370006203885064030859002070BD0100C0200A
:10438000C9B2002905D0022907D004D3032906D0D9
:1043900006E0122004E0622002E07A2000E01A2009
:1043A000C0B270470100C020C9B2002905D002295F
:1043B00007D004D3032906D006E0112004E06120D1
:1043C00002E0792000E01920C0B270470100C0204F
:1043D000C9B2002905D0022907D004D3032906D089
:1043E00006E0102004E0602002E0782000E01820C1
:1043F000C0B270470100C020C9B200290BD0022909
:104400000DD00AD304290ED00BD306290FD00CD31C
:1044100007290ED00EE013200CE014200AE06320E0
:1044200008E0642006E07B2004E0292002E01B2055
:1044300000E01C20C0B2704701000020C9B2002972
:1044400005D0022907D004D3032906D006E01320A3
:1044500004E0132002E0132000E01320C0B27047F4
:1044600001000020C9B2002905D0022907D004D3D9
:10447000032906D006E0132004E0132002E01320F5
:1044800000E01320C0B2704701000020C9B200292B
:1044900005D0022907D004D3032906D006E0132053
:1044A00004E0132002E0132000E01320C0B27047A4
:1044B00001000020C9B200290BD002290DD00AD377
:1044C00004290ED00BD306290FD00CD307290ED008
:1044D0000EE013200CE013200AE0132008E0132064
:1044E00006E0132004E0132002E0132000E0132074
:1044F000C0B27047C9B2082902D0102946D096E050
:10450000DFF800140200D2B251F82220126832F40F
:1045100040420300DBB251F823301A600200D2B2ED
:1045200051F82220D2F80022520952010300DBB2D6
:1045300051F82330C3F800220200D2B251F82220F1
:10454000D2F8002252F007020300DBB251F8233008
:10455000C3F800220200D2B251F82220D2F8002380
:10456000520952010300DBB251F82330C3F8002393
:104570000200D2B251F82220D2F8002352F00702F2
:10458000C0B251F82000C0F8002350E0DFF87413E7
:104590000200D2B251F82220126832F440420300E5
:1045A000DBB251F823301A600200D2B251F8222057
:1045B000126852F480420300DBB251F823301A60D3
:1045C0000200D2B251F82220D2F800225209520140
:1045D0000300DBB251F82330C3F800220200D2B24C
:1045E00051F82220D2F8002252F00F020300DBB271
:1045F00051F82330C3F800220200D2B251F8222031
:10460000D2F80023520952010300DBB251F82330E3
:10461000C3F800230200D2B251F82220D2F80023BE
:1046200052F00F02C0B251F82000C0F800237047CA
:104630002DE9F04104000F00160008212000C0B24F
:10464000FFF758FFDFF8C0522000C0B2285C0828EE
:104650000FD02000C0B2285CC010DFF8B01211EB00
:10466000C01101202200D2B2AA5C12F007029040D1
:104670000860DFF89082FFB239002000C0B258F81D
:104680002000FFF76FFD2000C0B258F82000FFF7B0
:1046900087FD07002000C0B258F82000FFF765FD35
:1046A0008742F0D0F6B231002000C0B258F82000A6
:1046B000FFF758FD2000C0B258F82000FFF770FD4A
:1046C00006002000C0B258F82000FFF74EFD8642D9
:1046D000F0D02000C0B258F82000FFF750FD0028AD
:1046E000F7D02000C0B2285C08280ED02000C0B24D
:1046F000285CC010DFF8181211EBC0110120E4B2E1
:104700002A5D12F0070290400860BDE8F0810000C9
:104710009C91081000000440F8B504000D00002032
:1047200008212000C0B2FFF7E5FE774E2000C0B29E
:10473000305C08280ED02000C0B2305CC010734935
:1047400011EBC01101202200D2B2B25C12F00702BC
:10475000904008606B4F2000C0B257F82000FFF770
:1047600033FD002805D02000C0B257F82000FFF725
:104770002FFDEDB229002000C0B257F82000FFF74E
:10478000F1FC2000C0B257F82000FFF71DFD002803
:10479000F7D02000C0B257F82000FFF719FD002124
:1047A0002000C0B257F82000FFF7DCFC2000C0B2A8
:1047B00057F82000FFF7E3FC0028F7D02000C0B234
:1047C00057F82000FFF700FD0028F7D02000C0B206
:1047D00057F82000D0F840032100C9B2715C0829C5
:1047E0000DD02100C9B2715CC910494A12EBC11247
:1047F0000121E4B2335D13F0070399401160C0B2A8
:10480000F2BD2DE9F84380460D0016001C0008217A
:104810004046C0B2FFF76EFE3B4F4046C0B2385C28
:1048200008280ED04046C0B2385CC010374911EBA2
:10483000C01101204246D2B2BA5C12F00702904089
:104840000860DFF8C0904046C0B259F82000FFF77A
:10485000BBFC002805D04046C0B259F82000FFF745
:10486000B7FCEDB229004046C0B259F82000FFF76E
:1048700079FC4046C0B259F82000FFF7A5FC00289B
:10488000F7D04046C0B259F82000FFF7A1FC002144
:104890004046C0B259F82000FFF764FC4046C0B261
:1048A00059F82000FFF76BFC0028F7D04046C0B253
:1048B00059F82000FFF788FC0028F7D04046C0B226
:1048C00059F82000D0F840033070761C641E002C8C
:1048D000DDD14046C0B2385C08280FD04046C0B297
:1048E000385CC0100A4911EBC01101205FFA88F84A
:1048F00017F8082012F0070290400860BDE8F18325
:10490000000000009C0702287C11022804003140AE
:10491000080031402DE9F84F2DED028B9EB00600C6
:104920000F009946042080B202FB00F2A848B0FBB9
:10493000F2F8A74802FB180000EE100AB8EE400B90
:1049400001EE102AB8EE411B80EE010BBFEEED0B1D
:1049500010EE100B08EE100A3421002201AC2000EA
:10496000FDF76CFF3C2100220EAC2000FDF766FF36
:1049700030004946C0B2C9B2884201D1012000E0EE
:1049800000202A9DDFF84CA24FF470725146C0B24D
:10499000FDF7C1FE48462900C0B2C9B2884201D124
:1049A000012000E000202B9C40F2C1325146C0B2F1
:1049B000FDF7B1FE062002902800C0B2FFF750FDBF
:1049C0008DF80C002800C0B2FFF7ECFC82465FF0C7
:1049D000080B2800C0B2FFF7E5FC7F4D01AA9AFB47
:1049E000FBF10BFB11AA5146C0B2C010C001284414
:1049F000FDF7E3FF062002904846C0B2FFF71CFD1A
:104A00008DF80C004846C0B2FFF7B8FC82465FF054
:104A1000080B4846C0B2FFF7B1FC01AA9AFBFBF1B4
:104A20000BFB11AA5146C0B2C010C0012844FDF7CB
:104A3000C4FF2000C0B204281ED00820029020002D
:104A4000C0B2FFF721FD8DF80C002000C0B2FFF7C7
:104A5000BDFC81465FF0080A2000C0B2FFF7B6FC3B
:104A600001AA99FBFAF10AFB11994946C0B2C0109C
:104A7000C0012844FDF7A1FF2C9C2000C0B20828EB
:104A80001ED0062002902000C0B2FFF711FD8DF865
:104A90000C002000C0B2FFF7ADFC81465FF0080AB1
:104AA0002000C0B2FFF7A6FC01AA99FBFAF10AFBAD
:104AB00011994946C0B2C010C0012844FDF77DFFDE
:104AC0003000C0B2032803D23000C0B2401C00E066
:104AD00000203200D2B2D21D032110F58F7000B237
:104AE000FFF7F0FB3000C0B2032803D23000C0B2A1
:104AF000401C00E0002010F58F7000B2FFF7DEFBD5
:104B00008DED008AB8F1010843463200D2B2D21DC1
:104B10000321C0B2FFF776FB3000C0B2032803D2F6
:104B20003000C0B2401C00E0002010F58F7000B2D1
:104B3000FFF7C4FB3200D2B2D21D0321C0B2FFF78F
:104B4000F6FBFFB2002F05D0022F09D005D3032FAB
:104B500009D00AE00020109007E00120109004E046
:104B60000220109001E00320109001200E90002000
:104B70000F9004201190082012900820139001201B
:104B80008DF8500001208DF85300104D00220EA921
:104B90003000C0B255F8200000F020F800213000AD
:104BA000C0B255F82000FFF709FB3000C0B255F83D
:104BB0002000FFF7FEFA0448F6B284551EB0BDECA3
:104BC000028BBDE8F18F00007C1102289C070228AF
:104BD00000B4C404C88D0810000031402DE9F04134
:104BE000DFF8D0311C00DFF8D051D5F800C0DFF875
:104BF000CC512D68DFF8C8613668DFF8C8713F68AE
:104C00005FF0000E5FF0000E002800F0D080002959
:104C100000F0CD804C68002C01D18C6805E04C6818
:104C2000022C01D1002400E00224D1F810E0D1F8D8
:104C30001480C64502D3D1F810E001E0D1F814E0A9
:104C4000BEF1090F08D23CF4404C91F82130002B02
:104C500012D05CF4807C11E0BEF1110F03D201236D
:104C600063F38F3CF1E7BEF1210F03D2022363F31C
:104C70008F3CEAE718009BE03CF4807CCB685B1E2D
:104C800013F00F035FEA1C1C5FEA0C1C53EA0C0CC8
:104C9000012363F3196CC0F800C00B7F002B01D017
:104CA000002300E0012363F300054B681B0963F355
:104CB0004105CB7E63F304154B7E63F345150B680A
:104CC000012B01D1012300E0002363F3DF752300F2
:104CD0005B0863F3820564F3C3054B7F63F3082528
:104CE0008B7F63F34925CB7F63F38A2591F82030CE
:104CF00063F3CB250B7913F0030363F319650562A6
:104D00000B7E63F308278B7E63F349270B695B1ED9
:104D100013F01F037F097F011F43C0F8007391F850
:104D2000243003F0FF0310F5417425682D0A2D028D
:104D30002B4323600B7E63F308264B695B1E13F045
:104D40001F03760976011E43C0F8006291F82C30EB
:104D500003F0FF0310F5017425682D0A2D022B4383
:104D600023600B6BC0F8883F8B6AC0F8C83F91F88E
:104D7000383010F57064256863F34925256091F893
:104D8000391010F574631C6861F3CB241C6000219A
:104D9000C0F8C81E002A09D00020106000209061D1
:104DA0000020D0600020D06107481062002420005D
:104DB000BDE8F0810140AA00C4910810C891081014
:104DC000CC910810D0910810EFCDAB00DFF8C411E2
:104DD0000868C0F34000002801D0022002E0086803
:104DE00010F001007047DFF8B001006810F001001A
:104DF00070470000C21E022A01D3012002E0C01E3B
:104E00000860002070471CB5FF246946FFF7F2FFD9
:104E1000C0B2002802D02000C0B207E0DFF8FC01D9
:104E2000009950F8210010F00100C0B216BD00003A
:104E3000002801D0032801D3012002E0401E0860B1
:104E4000002070471CB5FF246946FFF7F1FFC0B290
:104E5000002802D02000C0B208E0DFF8C4010099A9
:104E600009010844C06810F00100C0B216BD00007E
:104E7000DFF8BC010068800810F00100704738B509
:104E800004002000C0B2082811D3DFF8985118227E
:104E9000DFF89411280000F00DFC0020E87540F6C2
:104EA0005B00DFF888110860002000F03BFCDFF8B1
:104EB000CC112000C0B251F82000C0F3002000281F
:104EC00005D0E4B251F8240010F00F0000E0FF20FC
:104ED00032BD38B504002000C0B2082811D3DFF875
:104EE00044511822DFF84011280000F0E3FB0020B5
:104EF000E8754FF40960DFF834110860002000F015
:104F000011FCDFF87801E4B250F82400C0F301107E
:104F1000C0B232BDDFF868211368C3F30723036012
:104F20001068C0F3C40008607047DFF858211368A8
:104F3000C3F3072303601068C0F3C4000860704720
:104F400038B50400072C11D3DFF8D8501822DFF849
:104F5000C411280000F0AEFB0020E8754FF4CE70BD
:104F6000DFF8C8100860002000F0DCFBDFF8A001CB
:104F700050F8240010F00700010009B2042907D1FD
:104F8000DFF8880150F8240010F01F0050F4807002
:104F900000B232BD2415264040152640DFF8B0127D
:104FA00009688A03920B0260090E11F00101C171B8
:104FB000DFF8A01209680A00D204D20C82800A002D
:104FC000120C02F0FF020281090C01F0FF01418185
:104FD000DFF84411096811F00F0202730A00C2F3EE
:104FE000031242730A00120AD204D20CC281090FC2
:104FF00011F003010174DFF8641309680A00120A52
:1050000012F0070282710A00120CD205D20D428200
:10501000890F11F00101017570470000401626400C
:10502000001926407C100228D88B08104C11022849
:10503000100027401CB50C006946FFF7DBFE01009D
:10504000C9B2002901D0C0B217E0DFF8B40400995A
:1050500050F8210010F07F012160C0F3042161604D
:10506000C0F30441A1600100090F11F00301617355
:10507000C00E10F001002073002016BD4012264023
:1050800008002040080420401CB50C006946FFF7CA
:10509000CFFE0100C9B2002901D0C0B235E0DFF86F
:1050A000101500980001085800F0FF022260C0F3BC
:1050B00004226260C0F30442A260000F10F00300FB
:1050C000207300980001084442681000C00F60730C
:1050D000C2F30270002801D0012000E00020A0737C
:1050E00022F07F422261009800010844806801009C
:1050F000C90F21750100090E11F001016175A0753C
:10510000000C10F00700E075002016BD00012640DD
:1051100000122640448C08103815264080B5010046
:10512000DFF868051822FBF7C9FF0120DFF86015DA
:105130000870002002BDDFF85C150968C90F00295E
:1051400008D0DFF84C150978002907D1002101604B
:1051500003207047002101600320FAE7DFF82C15D7
:10516000096801600020F4E710B50400FFF72EFE87
:10517000002803D10020206003200DE0DFF8100597
:105180000078002805D0DFF8040580682060002042
:1051900002E000202060032010BD0000DFF8F014C2
:1051A0000978002905D0DFF8E4144968016000207F
:1051B00002E00021016003207047DFF8DC14096879
:1051C000C90F002908D0DFF8C8140978002907D1D1
:1051D0000021016003207047002101600320FAE7ED
:1051E000DFF8A814C96801600020F4E7DFF8AC1408
:1051F0000968C90F002908D0DFF89414097800293C
:1052000007D10021016003207047002101600320C5
:10521000FAE7DFF87814096901600020F4E710B5B7
:105220000400FFF725FE002803D1002020600320A2
:105230000DE0DFF85C040078002805D0DFF84C04AE
:1052400040692060002002E000202060032010BDA3
:10525000301526403415264010B50C00C0B2FFF7BB
:105260006FFE00280ED0012810D0022812D0B0F511
:10527000887F13D040F21111884213D0B0F58A7F95
:1052800014D017E02000FFF756FF16E02000FFF7CC
:1052900085FF12E02000FFF767FF0EE02000FFF718
:1052A0008CFF0AE02000FFF7BAFF06E02000FFF7BE
:1052B0009DFF02E000202060032010BD80B50100AA
:1052C0000020FFF7C9FF02BD80B50322D2B282429F
:1052D00003D200200860012003E0401CC0B2FFF7A9
:1052E000BBFF02BD18B587B004006846FFF7E6FFB4
:1052F0000100C9B2002903D000212160C0B22BE017
:1053000001A8FFF74BFE9DF81400022803D1009876
:105310002060002020E0DFF888030068C00F00282C
:1053200008D0FFF760FDC0B2002807D10020206040
:10533000032011E00098206000200DE00099019802
:105340004143BDF80800B1FBF0F09DF80B10491C7B
:10535000B0FBF1F02060002008B010BD3C152640E5
:10536000F0B58BB005000C0069462800C0B2FFF70D
:10537000ABFF0100C9B2002903D000212160C0B2F7
:10538000BCE02800C0B202284CD307A92800C0B254
:10539000401CFFF74FFEC0B2002811D0DFF80463B5
:1053A0001822DFF80413300000F084F90020F075B3
:1053B00040F66310DFF8F4120860002000F0B2F944
:1053C0004F482900C9B200EB810050F8080CC00F0B
:1053D000002807D09DF82900022807D100982060F6
:1053E00000208BE000982060002087E0EDB26D1C6B
:1053F0002800FFF708FD0100C9B2002902D0C0B2A1
:10540000FF2803D100202060032077E0009907984F
:1054100041430898B1FBF0F00999B0FBF1F020602E
:1054200000206BE001A92800C0B2401CFFF72CFE51
:10543000C0B2002811D0DFF86C621822DFF86812C1
:10544000300000F037F90020F07540F67F10DFF8EB
:105450005C120860002000F065F955482900C9B2C7
:1054600009014058C00F002807D09DF810000228FD
:1054700007D100982060002040E0009820600020C4
:105480003CE0EDB26D1C2800FFF7DCFC0100C9B266
:10549000002902D0C0B2FF2803D1002020600320E1
:1054A0002CE09DF8110001281DD1009A0023019ED7
:1054B00000273F0647EA16273606059800213618CA
:1054C0004F41A6FB020106FB031107FB0211029AE2
:1054D000039BA3FB0223FBF75BFF000E40EA0120C6
:1054E000090E206009E00099019841430298B1FB40
:1054F000F0F00399B0FBF1F0206000200BB0F0BD9C
:105500000016264010B50323421E0400E4B2002C0E
:1055100003D10800FFF7E6FE0CE01400DBB2E4B2B2
:10552000A34204D31000C0B2FFF71AFF02E0C0B2DA
:10553000FFF792FE10BD38B505000C002800C0B280
:10554000FFF79DFC0100C9B2FF2904D12000FFF73D
:10555000F2FDC0B21BE06946C0B2FFF7D3FF010005
:10556000C9B2002903D000212160C0B20FE0280099
:10557000C0B2FFF7AEFCC0B2002805D002280BD0A5
:1055800006D303280CD00FE000982060002032BD25
:10559000009840082060F9E7009880082060F5E74F
:1055A0000098C0082060F1E7002020600320EEE7AB
:1055B000001926401FB5040002A90120FFF7BBFF18
:1055C0000100C9B2002903D000212160C0B21AE055
:1055D000694601A8FFF79EFC01980021421C71F169
:1055E000FF335B0143EAD263520100980021121895
:1055F0004B4102980021490141EAD0614001FBF78B
:10560000C7FE2060002004B010BD1FB5040002A931
:105610000120FFF790FF0100C9B2002903D000214B
:105620002160C0B21AE0694601A8FFF77EFC01982C
:105630000021421C71F1FF335B0143EAD263520146
:105640000098002112184B4102980021490141EABB
:10565000D0614001FBF79CFE2060002004B010BD2B
:1056600080B5DFF84C100A68C2F303220E2A07D077
:105670000968C1F303210D2905D1FFF7C6FF02BD5B
:10568000FFF798FFFBE70120F9E70000641002280C
:105690009C11022818152640081526400C15264096
:1056A000301526407C100228448C08104C1102282A
:1056B0000000204001B58B071AD1830724D1121FA7
:1056C00021D351F8043BA3F1013C2CEA030C1CF05C
:1056D000803C04BF40F8043BF1E79CFA8CFCBCFA28
:1056E0008CF1C1F118018B40CB4040F8043B13E032
:1056F000042A09D311F8013B521E00F8013B5BB1AB
:105700008B07F7D1D9E7121D5AB111F8013B521E90
:1057100000F8013B03B1F8D111001CBF0022FDF7D6
:1057200091F801BD01BEFEE780B5234A23490B680D
:1057300093423ED00A60224A12684A62214A8A6233
:1057400002684A6042688A608268CA60C2680A6108
:1057500002694A6142698A618269CA61C2690A62F0
:10576000F1EE102A12F0900F23D0174A8A62026AD3
:10577000CA62426A0A63826A4A63C26A8A63026BC5
:10578000CA63426B0A64826B4A64C26B8A64026CAD
:10579000CA64426C0A65826C4A65C26C8A65026D95
:1057A000CA65426D0A66826D4A66C26D8A66006E7F
:1057B000C86600F00BF801BDFAF9F8F7F00C022802
:1057C00028ED00E0A4A3A2A1ABAAA9A8FEE70000CF
:1057D00010B52DED068BDFF8D84701230422DFF842
:1057E000D417200000F03CFC04230422DFF8C81783
:1057F000DFF8C80700F034FC03230322DFF8C017EA
:10580000DFF8C00700F02CFC04230422DFF8B817EF
:10581000DFF8B80700F024FC00F08FFEDFF8B007D7
:10582000B0F9000000EE100AB8EEC08ADFF8A40755
:10583000B0F9000000EE100AF8EEC08ADFF8B407F5
:10584000B0F9000000EE100AB8EEC09A28EE080A7F
:1058500008EEA80A09EE090A00F078FBF0EE400A0B
:1058600028EE200A68EEA08A29EE208A00F08EFE3B
:10587000B0EE409AF0EE480AB0EE680A00F0B4FECE
:10588000B0EE408AF6EE009A28EE290A00F0C8FF32
:10589000F0EE408A28EE290A00F0C4FFB0EE408AFC
:1058A00029EE290A00F0BCFFB0EE40AA29EE290A31
:1058B00000F0B8FF68EE8A0AC4ED020A68EE800ABA
:1058C000C4ED060A68EE0A0AC4ED0A0A28EE000AC8
:1058D00084ED0E0A200000F0B7FDBDEC068B10BD74
:1058E00010B52DED088BDFEDA30AB0EE600ADFF8EE
:1058F000C00690ED028AD0ED068A90ED0A9AD0EDAE
:105900000E9ADFF8D406DFF8DC1691ED031AD0ED1D
:10591000001A81EE211A21EE201AD1ED041A90ED21
:10592000002AC1EE821A61EEA01A91ED052AD0ED8F
:10593000002A82EE222A62EE200ADFF8A006B0EEEC
:1059400000AA20EE0A2A22EE082A22EE092A60EE98
:105950000A2A62EEA82A02EEE92A32EE011A80ED46
:10596000001A20EE0A1A21EE081A21EE281A20EE5B
:105970000A2A22EE092A02EE291A31EEC11A80ED16
:10598000011A20EE081A21EE081A60EE281A01EE1C
:10599000E81A60EE091A01EEC91A20EE290A00EE93
:1059A000291A30EEC10A80ED020ADFF83446DFED35
:1059B00072AAB8EE00BA28EE8B0A20EE290A68EE29
:1059C0000A0A00EE890A00F0E1FD20EE2A0A84EDC1
:1059D000010A28EE8B0A20EE280A69EE0A0A00EE78
:1059E000C90AF7EE000A70EE200A29EE0A0A20EE34
:1059F000290A28EE0A1A01EE280A00F0F5FD20EE29
:105A00002A0A84ED000A29EE0B0A20EE090A69EE43
:105A10008A0A00EEE90AF7EE000A70EE200A28EE84
:105A20008A0A20EE090A28EE0A1A01EE290A00F075
:105A3000DBFD20EE2A0A84ED020ABDEC088B10BDC6
:105A400010B500F059FF00F038FFDFF898059FED22
:105A50004B0ADFF89415DFF87825B2F9002000EE44
:105A6000902AF8EEE00AB1F9002001EE102AB8EE13
:105A7000C11A41EE000AC0ED030ADFF87025DFF815
:105A80005435B3F9003000EE903AF8EEE00AB2F97E
:105A9000003001EE103AB8EEC11A41EE000AC0ED36
:105AA000040ADFF84C35DFF84C45B4F9004000EE4D
:105AB000904AF8EEE00AB3F9004001EE104AB8EE61
:105AC000C11A41EE000AC0ED050A90ED030ABDEED1
:105AD000C00A10EE104A0C8090ED040ABDEEC00A18
:105AE00010EE101A118090ED050ABDEEC00A10EEFE
:105AF000101A19809FED220ADFF8FC14B1F900108A
:105B000000EE901AF8EEE00A60EE800A9FED1D1A92
:105B1000C0EE810A9FED1C1AC0EE810AC0ED000A9A
:105B2000DFF8D814B1F9001000EE901AF8EEE00A90
:105B300060EE800A9FED131AC0EE810A9FED121AE3
:105B4000C0EE810AC0ED010ADFF8B414B1F900100B
:105B500000EE901AF8EEE00A20EE800ADFED090A66
:105B600080EE200ADFED080A80EE200A80ED020AAE
:105B700010BD0000CDCC1C41E12E654200000000AC
:105B8000DB0F4940000034436F12834170B52DEDA7
:105B9000048BADF58C6DFFF753FFDFF8484494EDAF
:105BA000008AD4ED018A94ED029A012203210DF5B9
:105BB000836000F031FAE068CDF820042069CDF868
:105BC00030046069CDF840040DF5836000F03CFCC2
:105BD000F6A8DFF830144022FBF770FADFF828044B
:105BE000BEEE000AF6A968EE000A90ED001A60EE1B
:105BF000810AC1ED010A68EE800A90ED001A60EE9C
:105C0000810AC1ED020A69EE000A90ED001A60EE09
:105C1000810AC1ED030AF6EE000A28EE201AD0ED43
:105C2000001A21EE211A81ED041A29EE201AD0ED76
:105C3000001A21EE211A81ED061A28EE801AD0ED05
:105C4000001A21EE211A81ED071A28EEA01AD0EDD4
:105C5000001A21EE211A81ED081A29EE001AD0ED62
:105C6000001A21EE211A81ED091A28EE201AD0ED32
:105C7000001A21EE211A81ED0B1A29EE201AD0ED1F
:105C8000001A21EE211A4DF804CD0DF5806C8CED33
:105C9000031A5DF804CB68EEA00A90ED001A60EEDE
:105CA000810A4DF804CD0DF5806CCCED040A5DF849
:105CB00004CB28EE000AD0ED000A20EE200A81ED88
:105CC0000E0A04230422F6A9E4A800F0C9F9E4A905
:105CD000684600F0E3F9D2A869464822FBF7EEF9DE
:105CE000DFF8CC422200E4A9684600F0FEF920006B
:105CF00069464822FBF7E2F9200000F0A5FB94ED8D
:105D0000020AD4ED060A94ED0A1AD4ED0E1AB8EE82
:105D1000002A61EE022ACDEDC62AF0EE002AC6A8BE
:105D200021EEA23A80ED013A20EE023A80ED023AED
:105D300020EEA23A80ED033A20EEA23A80ED043A3A
:105D400020EE223A80ED053A21EEA23A80ED063AA5
:105D500021EE223A80ED073A20EE220A80ED080A71
:105D600020EE820A80ED090A21EE020A80ED0A0A7D
:105D700021EEA20A80ED0B0A04230322C6A9B4A8CF
:105D800000F06EF9B4A9684600F088F9A2A8694647
:105D90004822FBF793F9DFF834522A00E4A9684659
:105DA00000F0A3F990A869464822FBF787F9D2AA28
:105DB00090A9684600F099F990A869464822FBF737
:105DC0007DF97E4A90A9684600F0CFF9280069461F
:105DD0004822FBF773F92A00B4A9684600F085F958
:105DE0007EA869464822FBF769F9A2AA7EA96846FF
:105DF00000F07BF97EA869464822FBF75FF9714AFB
:105E00007EA9684600F0B1F97EA869464822FBF7F2
:105E100055F96CA97EA800F00DFA002802D0FFF712
:105E20005FFD8EE02200B4A9684600F05EF95AA832
:105E300069464822FBF742F95AAA0DF58361684684
:105E400000F0C5F95AA869464822FBF737F95AA964
:105E5000684600F023F948A869464822FBF72EF966
:105E60006CAA48A9684600F040F9684E30006946BF
:105E70004822FBF723F95AAA3100684600F035F9A9
:105E8000300069464822FBF719F9614890ED000A95
:105E9000D6ED020AB4EE600AF1EE10FA02D5FFF771
:105EA0001FFD4EE0A2AA2900684600F01EF936A8A0
:105EB00069464822FBF702F96CAA36A9684600F049
:105EC00014F936A869464822FBF7F8F85AAA36A909
:105ED000684600F00AF924A869464822FBF7EEF864
:105EE00024AA2100684600F040F9200069464822B3
:105EF000FBF7E4F8200000F0A7FA042112A800F054
:105F000096F8B4AA36A9684600F0EFF824A86946C6
:105F10004822FBF7D3F824AA12A9684600F057F9E3
:105F200024A869464822FBF7C9F82A0024A9684634
:105F300000F0DBF8280069464822FBF7BFF8FFF7BE
:105F4000CFFC0DF58C6DBDEC048B70BD81B08DED7B
:105F5000000A30480099B0EB61000090F6EE000AAC
:105F600020EE201ADDED001A21EE211ADDED001AD7
:105F7000B7EE082A01EE612A9DED001A22EE011A01
:105F80008DED001A20EE200ADDED000A20EE200A39
:105F9000DDED000AB7EE081A00EE601A9DED000A6A
:105FA00021EE000A8DED000A9DED000A01B0704758
:105FB000D00D02283C910810808E0810600E022837
:105FC000A08F0810A80E0228C08E0810F00E02281C
:105FD000961102289811022844070228F406022884
:105FE00030110228941002288411022886110228F8
:105FF000881102289A110228901102289211022871
:1060000094110228008F081000070228180E022899
:10601000F0060228DF59375F10B501604260402169
:10602000002210F108042000FCF708FC10BD70B538
:1060300004000D00256065604021002214F108066F
:106040003000FCF7FBFB002007E00101214401EBDD
:1060500080015FF07E528A60401CA842F5DB70BD73
:10606000F8B504000D0016001F003A0031002000B2
:10607000FFF7D2FF00200CE00201224402EB810274
:1060800007FB001355F823309360491CB942F3DB3A
:10609000401CB04201DA0021F8E7F1BD38B592B0FA
:1060A00004000D002A6869686846FFF7B5FF002004
:1060B0000FE06A460B011A4402EB800203012B44F5
:1060C00003EB81039B689360491C6A689142F0DB93
:1060D000401C2968884201DA0021F6E72000694661
:1060E0004822FAF7EBFF13B030BDF8B592B00400C8
:1060F0000D001600726829686846FFF78DFF0020C2
:1061000000E0401C2968884228DA002121E06B4623
:1061100007013B4403EB810307012F4407EB820790
:1061200097ED020A1701374407EB8107D7ED020A02
:106130006F465FEA001C674407EB810797ED021A80
:1061400000EE201A83ED021A521C6B689A42DEDBC5
:10615000491C72689142D4DA0022F6E720006946B1
:106160004822FAF7ABFF13B0F0BD70B592B004004F
:106170000D0016006A6829686846FFF74DFF002089
:1061800019E06A4603011A4402EB810203012B4421
:1061900003EB810393ED020A0301334403EB810314
:1061A000D3ED020A30EE200A82ED020A491C6A6829
:1061B0009142E6DB401C2968884201DA0021F6E7BB
:1061C000200069464822FAF779FF12B070BD70B519
:1061D00092B004000D0016006A6829686846FFF74F
:1061E0001BFF002019E06A4603011A4402EB8102FA
:1061F00003012B4403EB810393ED020A03013344B3
:1062000003EB8103D3ED020A30EE600A82ED020A4D
:10621000491C6A689142E6DB401C2968884201DA21
:106220000021F6E7200069464822FAF747FF12B03E
:1062300070BD0000F8B52DED028BA0B005000C007C
:106240009FEDAB8A6A6829682000FFF7E5FE2868A1
:10625000002100E0491C814220DA002202E09FED8B
:10626000A50A0FE08242F5DA6B464E0133440E0177
:106270002E4406EB8206B66843F822609142EED1C6
:106280009FED9D0A6B464E013344861803EB86034F
:10629000B8EEC00A83ED000A521CE3E7002100E0DB
:1062A000491C814280F29F800A004B1C1CE06D4615
:1062B0005601354405EB810595ED000AB7EEC00A9D
:1062C000B0EEC00B6D465E01354405EB810595EDE2
:1062D000001AB7EEC11AB0EEC11BB4EE410BF1EEDD
:1062E00010FA00D51A005B1C8342E0DBB7EEC80A47
:1062F0006B4655012B4403EB810393ED001AB7EE77
:10630000C11AB0EEC11BB4EE401BF1EE10FA03D47B
:106310008A421FD000231AE001207AE06D464E0128
:10632000354405EB830595ED000A6D464E01354475
:106330006E4657013E4456F8236045F823606D468B
:106340005601354405EB830585ED000A5B1CB3EB74
:10635000400FE3DB6A464B011A4402EB810292EDE7
:10636000000A002210E06B464D012B4403EB820330
:106370006D464E01354405EB8205D5ED000AC0EEB1
:10638000800AC3ED000A521CB2EB400FEBDB002287
:106390001BE06D465601354405EB83056E464F0103
:1063A0003E4406EB8306D6ED000A6E4657013E4496
:1063B00006EB830696ED001A00EE601A85ED001AD2
:1063C0005B1CB3EB400FE4DB521C8242BFF668AFAC
:1063D0008A42F9D06B4655012B4403EB810393EDC0
:1063E000000A0023EDE700210EE00B01234403EB3C
:1063F00082036D464E013544861855F826509D603F
:10640000521C8242F1DB491C814201DA0022F8E78A
:10641000002020B0BDEC028BF2BD81B0F6EE000A88
:1064200060EE200A10EE100A3449B1EB60010091D1
:106430009DED000A60EE800AB7EE081A00EEC01A61
:1064400021EE000A01B0704710B504009FED290A43
:10645000206801280FD100200AE004EB8001D1ED73
:10646000020A04EB800191ED021A00EE810A401C41
:1064700061688842F1DB606801280FD100200AE0E2
:1064800001012144D1ED020A0101214491ED021ADA
:1064900000EE810A401C21688842F1DBFFF7BDFF56
:1064A000206801280FD100200AE004EB8001D1ED23
:1064B000020A60EE800A04EB8001C1ED020A401C72
:1064C00061688842F1DB606801280FD100200AE092
:1064D00001012144D1ED020A60EE800A010121444C
:1064E000C1ED020A401C21688842F1DB10BD0000AA
:1064F000BD3786350000000001000000865A375F76
:106500003EB50C00150008211B4A11606B1C6A4641
:1065100050F080000100C9B20220FEF772F9082095
:1065200016490860002005E0694601444978217059
:10653000641C401CA842F7D337BDE0B5062269466B
:106540000C20FFF7DDFF9DF801009DF8001051EAD7
:1065500000210B4801809DF803009DF8021051EACC
:106560000021084801809DF805009DF8041051EABB
:1065700000210548018007BD84073140880731406C
:106580008A1102288C1102288E11022810EE101A8E
:106590004FF07E5201EE902AC80F31F0004120D01A
:1065A00000EE101A914212D871EEC00A0D4A31EE77
:1065B000801A61EE200AF1EEE00A914286BF80F077
:1065C000040080EE800A80EE200A00F017BA49002D
:1065D00011F1807F9CBF6FF0004100EE101AAFF305
:1065E00000807047F404353F52EC101AB0EEC00A38
:1065F000C80F49005200F0EEE00A28BF0C3011F13C
:10660000807F38BF12F1807F0CD28A4238BF80F081
:106610000400124214D034BF80EE800A80EE200ABB
:1066200000F0ECB911F1807F08BF80F0040098BF42
:1066300012F1807F08D88A4214BF00224FF07E52A8
:1066400000EE102A00F0DAB96FF0004100EE101AE7
:1066500070470000DFED620A60EE200A10EE902A1B
:1066600022F0004101EE101ADFED5E1AB4EE611A5D
:10667000F1EE10FA25D54FF07C5102F000420A43AA
:1066800001EE102A71EE200AFDEEE00A10EE901ADB
:1066900000296AD0FAEEC90A9FED531A00EE810A6A
:1066A000DFED521A00EEA10A9FED512A00EE820A98
:1066B000DFED502A00EEA20A9FED4F1A00EE810A8C
:1066C00053E010EE101A4B001B1613F1010F0AD104
:1066D0004900081610F1010F02D1090240F07F8035
:1066E0009FED460A7047490004D1002877D0B7EEE5
:1066F000000A70474FF07C5102F000420A4301EE5D
:10670000102A71EE200A10EE902A51000DD0090EC9
:10671000C1F196011829A8BF02F0004203DA00294E
:10672000C4BFCA408A4000EE902A10EE901A490079
:1067300017D09FED331A20EE811ADFED2B1A01EEF0
:10674000210A9FED2A2A01EE020ADFED292A01EE35
:10675000220A9FED283A01EE030ADFED271A01EE27
:10676000210AFDEEE00A10EE901A01F0030108186C
:1067700010EE101A21F0004100EE901A9FED211A40
:10678000F4EE410AF1EE10FA04D5C10723D5B7EEB5
:10679000000A20E0C10760EE000A0ED59FED1A0A3C
:1067A0009FED1A1A00EE801ADFED191A41EE201A39
:1067B000B7EE000A01EEA00A0DE09FED162ADFED0C
:1067C000161A40EE821ADFED152A20EE201A41EE4D
:1067D000A02A01EE220A800748BFB1EE400A7047A6
:1067E00083F9223F0000004F0000C9C600A0FDC091
:1067F0000020A2BA000034B30030C2AEFFFFFF7F1A
:1068000000008038000080399349B2BA36A02A3D92
:10681000DFFFFFBE6E8C4CB94283083CA1AA2ABEA2
:10682000012017E7002015E780B50A000821684B12
:106830001960D2B20100C9B20220FDF7F9FE0820AA
:106840006449086001BD80B501000820604A1060FD
:1068500051F08001C9B20220FDF75EFF08215D4AB8
:106860001160C0B202BD10B513000822584C22605E
:106870000A0050F080000100C9B20220FDF7C1FFFC
:1068800008205449086010BD70B50020002500267E
:106890003000461C80B2B0F5807F0ADA0F20FFF787
:1068A000D2FF0400012000F0ADF9E4B26B2CEFD16F
:1068B00000E001252800C0B270BDE0B5062269469F
:1068C0002820FFF7D0FF9DF801009DF8001051EA45
:1068D0000021414801809DF803009DF8021051EA13
:1068E00000213E4801809DF805009DF8041051EA02
:1068F00000213B48018007BDE0B506226946222001
:10690000FFF7B1FF9DF801009DF8001051EA00214A
:10691000344801809DF803009DF8021051EA0021DF
:10692000314801809DF805009DF8041051EA0021CE
:106930002E48018007BD00001FB50024142000F080
:1069400061F90820029002200190022000900223A9
:10695000274A00210220FDF7DDFF03230122012148
:106960007B2000F00BFAFFF78FFF002808D040F2E1
:106970000D13204A20490020FBF7EBFE012423E001
:1069800003210D20FFF750FF3C211020FFF74CFFA3
:106990005C211120FFF748FF44211220FFF744FF3C
:1069A00002211320FFF740FF00211420FFF73CFFD6
:1069B00000211520FFF738FF00211620FFF734FFD4
:1069C00001211820FFF730FF2000C0B204B010BD35
:1069D0008407314088073140961102289811022817
:1069E0009A1102289011022892110228941102286B
:1069F00080969800B08C0810A09008101AA210EE93
:106A0000101A43F2A40CC3F6896CF2EC060A614535
:106A100009DB00EE803A70EE800A83EE200A40F037
:106A2000020010EE101A4900D1F1E6410BD860EED9
:106A3000000A20EE203A03EE010A01EEA02A42EEFF
:106A4000202A80EE220A400810F0020F18BFB1EE93
:106A5000400A02EB8002D2ED000A30EE200A28BF85
:106A6000B1EE400A70470000D7B3DD3F6AD5033F5F
:106A70002B94A93DB82A593F0000803F000080BFF9
:106A800000000000920A063FDB0FC93F920A863FD2
:106A9000DB0FC93F920A0640DB0F4940368D274085
:106AA000022801D301200FE00B00DBB2042B01DB35
:106AB000012009E0954B03EB8000C9B2405C8242A3
:106AC00001D3012000E000207047F8B506000F0058
:106AD00015001C00022E01D301201CE02A00390001
:106AE000C9B23000FFF7DCFF012801D1012012E01C
:106AF0003800C0B2002811D1B4F5807F0CD2844890
:106B00007603304400EB850010F58050016864F393
:106B10000F2101600020F2BD0120FCE7FFB2012F30
:106B200010D1B4F5803F0BD279487603304400EBA6
:106B3000850010F5A050016864F317210160E9E7B2
:106B40000120E8E70120E6E700B20012C0B270477A
:106B5000F8B505000E001700280000B2FFF7F4FF9B
:106B600004002000C0B2022801D3012023E03A0033
:106B70003100C9B22000C0B2FFF792FF012801D155
:106B8000012018E062492000C0B2400308442A00F6
:106B9000D2B200EB8200D0F8000CF6B266F3092006
:106BA00067F30700E4B264032144EDB201EB850111
:106BB000C1F8000C0020F2BD70B504000D001600F5
:106BC000022C01D301201CE032002900C9B22000B0
:106BD000FFF766FF012801D1012012E04C49600354
:106BE000085850F0004050F0407050F47F00EDB273
:106BF00065F3092066F307006203885064030859AF
:106C0000002070BDF8B504004FF4FA504443414DE4
:106C1000414E00212878C001304400F0BAF914E058
:106C20002878C001304400F0B6F9B842F8D33B4FA1
:106C30003C192878C001304400F0ADF93F18390004
:106C40002878C001304400F0A4F94CF25137BC421E
:106C5000E6D22878C001304400F09DF98442F8D291
:106C6000F1BD38B594B0502100226C462000FBF7EE
:106C7000E5FD2B4C00220121B4F90000FFF768FF6D
:106C8000B4F90000FFF760FF092300220121C0B220
:106C9000FFF71BFFB4F90000FFF756FF00220121A8
:106CA000C0B2FFF789FF5FF0FF30009000208DF841
:106CB000040000208DF8050000208DF8060000205B
:106CC0008DF8080003208DF8440001201290012067
:106CD0008DF807000F4C104D69462078C0012844FC
:106CE00000F092F82078C001284400F04DF900210E
:106CF0002078C001284400F04CF92078C0012844D5
:106D0000FBF79FFF15B030BD000000009C910810FC
:106D100000000440E707022800005940B03CFFFF94
:106D2000E4070228012212FA01F181607047012272
:106D300012FA01F14160704780B5C9B200290ED046
:106D40000100C9B2082291FBF2F302FB13112D4A94
:106D5000C0B2C010C0011044FFF7E4FF0DE0010015
:106D6000C9B2082291FBF2F302FB1311254AC0B20B
:106D7000C010C0011044FFF7DAFF01BD2DE9F84152
:106D80008DB004000E0015001F0034210022E846DB
:106D90004046FBF753FDF6B2002E0ED1FFB2002F96
:106DA00002D0022F03D005E00F2001900DE0082053
:106DB00001900AE00820019007E0FFB2042F02D101
:106DC0000F20019001E00E2001902000C0B2C028E9
:106DD0000FD02100C9B208206A4691FBF0F300FBF6
:106DE000131108482300DBB2DB10DB011844FBF76A
:106DF000E4FD2900C9B22000C0B2FFF79DFF0EB02C
:106E0000BDE8F0810000314010B4012291F84C300F
:106E1000052B03D291F84D30052B01D31000A7E0CC
:106E2000002800F0A480002900F0A180514A1268D7
:106E30004B7963F392428B7913F0030363F31142AE
:106E40000B7A13F0070363F31A62CB7963F39E7234
:106E50000B7D63F3000291F8243063F3410202607A
:106E60000A7910F130031C6862F307041C604A7948
:106E7000012A0BD18A79002A02D10022826007E020
:106E80008A79012A04D10A68826001E001228260C5
:106E9000CA6802610A694261CA6982610A6AC2619A
:106EA0000A680262344A12680B7E03F0FF03120A7A
:106EB00012021A4391F8303003F0FF0363F31742D4
:106EC00091F8403003F0FF0363F31F6291F84830FC
:106ED00003F0FF0363F30F224264284A126891F81B
:106EE000383003F0FF03120A12021A4391F82830D7
:106EF00003F0FF0363F30F228264214A12688B7D43
:106F000013F00303920892001A4391F8253013F00E
:106F1000030363F38B2291F82C3013F0030363F324
:106F2000051291F8343013F0030363F3092291F84A
:106F30003C3013F0030363F3871291F8443013F0ED
:106F4000030363F38302C2640E4A126891F84C3063
:106F500013F00703D208D2001A4391F84D3013F012
:106F6000070363F306124265497D81670022100022
:106F700010BC704704920810089208100C92081078
:106F80001092081014920810016851F0004101603D
:106F9000704781607047806870477830016851F0B1
:106FA00001010160704710F170010A6852F001029E
:106FB0000A60006F7047000010B5040094ED010AEC
:106FC000FFF72EFCD4ED000A9FED6D1A00EE801A3B
:106FD00084ED041A94ED010AB7EEC00A00F03AFB02
:106FE00094ED001AB7EEC11A21EE000BB7EEC00BFC
:106FF00084ED050A10BD000010B52DED088B0400CE
:107000002000FFF7D9FFDFED5F8AB0EE000AD4ED74
:10701000040A60EE800A20EEA88AD4ED050A20EE6C
:10702000800A20EE289A9FEDBA0AD4ED040A94ED66
:10703000041A60EE810A94ED051AD4ED051A41EEAA
:10704000210A9FEDB41A70EE810A70EE809ADFED8E
:10705000B20A9FEDB21AD4ED041A71EE811A21EE34
:10706000A0AAD4ED051A61EEA0AAD4ED040A70EE30
:10707000810AD4ED041A31EE811A60EE810A94ED92
:10708000051AD4ED051A41EE210A9FEDA51A70EEFE
:10709000810A30EE80BA28EE080A09EE090A09EEE4
:1070A000E90A00F0D9FAF0EE40BAF0EE480AB0EE84
:1070B000490AFFF799FAB0EE408AF0EE690AB0EE9D
:1070C0006B0AFFF791FA30EE088AF0EE4A0AB0EE4A
:1070D0006A0AFFF789FAB0EE409A2AEE0A0A0AEE27
:1070E000AA0A0BEE4B0A00F0B7FAF0EE4B0AFFF7D4
:1070F0007BFA39EE409AB0EE480AFFF791FB60EE5A
:10710000289AB0EE480AFFF78DFB60EE288ADFED83
:1071100085AAB0EE490AFFF783FB9FED83AA00EE34
:107120002AAAB0EE490AFFF77DFB60EE2AAA94ED89
:10713000040A70EE690A94ED050A30EE680AFFF75A
:1071400053FA30EE480A94ED040A70EE4A0A94EDC0
:10715000050A30EE6A0AFFF747FA30EE490A9FED5A
:10716000730ADFED730A49EE000AC4ED020ADFED8F
:10717000710A48EE400AC4ED030ABDEC088B10BD4D
:107180009A99993C40A45F3D10B52DED088B040001
:107190002000FFF711FFDFED688AB0EE000AD4EDA2
:1071A000040A60EE800A20EEA88AD4ED050A20EEDB
:1071B000800A20EE289A9FED560AD4ED040A94ED39
:1071C000041A60EE810A94ED051AD4ED051A41EE19
:1071D000210A9FED501A70EE810A70EE809ADFED61
:1071E0004E0A9FED4E1AD4ED041A71EE811A21EE6B
:1071F000A0AAD4ED051A61EEA0AAD4ED040A70EE9F
:10720000810AD4ED041A31EE811A60EE810A94ED00
:10721000051AD4ED051A41EE210A9FED411A70EED0
:10722000810A30EE80BA28EE080A09EE090A09EE52
:10723000E90A00F011FAF0EE40BAF0EE480AB0EEBA
:10724000490AFFF7D1F9B0EE408AF0EE690AB0EED4
:107250006B0AFFF7C9F930EE088AF0EE4A0AB0EE81
:107260006A0AFFF7C1F9B0EE409A2AEE0A0A0AEE5E
:10727000AA0A0BEE4B0A00F0EFF9F0EE4B0AFFF70B
:10728000B3F939EE409AB0EE480AFFF7C9FA60EE5A
:10729000289AB0EE480AFFF7C5FA60EE288ADFEDBB
:1072A00021AAB0EE490AFFF7BBFA9FED1FAA00EE34
:1072B0002AAAB0EE490AFFF7B5FA60EE2AAA94EDC1
:1072C000040A70EE690A94ED050A30EE680AFFF7C9
:1072D0008BF930EE480A94ED040A70EE4A0A94EDF8
:1072E000050A30EE6A0AFFF77FF930EE490A9FED92
:1072F0000F0ADFED0F0A49EE000AC4ED020ADFEDC6
:107300000D0A48EE400AC4ED030ABDEC088B10BD1F
:10731000DE7205BC915F433B1B2FDD3D9A9919BD81
:107320005D1A3F3B1B2F5D3D9A99193DE02E65424A
:107330000000B4420000874340A45F3D38B504001C
:107340000D002000FFF758FE2800FFF71DFFD5EDC8
:10735000031A94ED031AD4ED020A95ED020A00F027
:107360006FFA31BD9FED8F2B20EE021B53EC112BDA
:107370001946F0B421F0004457EC116B274647EC56
:10738000126B9FED8A4BB4EE442BF1EE10FA2DED0B
:10739000068B2BD5B6EE002B53EC122B01F00041DF
:1073A000194355EC124B0D4645EC124B32EE011BC6
:1073B000BDEEC11B11EE101A002900F09D80BAEE3F
:1073C000C21B9FED7C3B01EE030B9FED7C5B01EE4E
:1073D000050B9FED7C7B01EE070B9FED7C9B01EE87
:1073E000090B9FED7C3B01EE030B85E055EC104B48
:1073F0006B0043EAD4735A15DB1712F1010F14D155
:107400004FF0FF30834208BF824208D12D0345EA86
:1074100014552403002D08BF002C40F0BF80BDECA4
:10742000068B9FED6E0BF0BC704724F0000235F028
:10743000004308BF002A08D1002800F0AF80BDEC4F
:10744000068BB7EE000BF0BC7047B6EE002B53EC8A
:10745000122B01F00041194355EC124B0D4645EC3F
:10746000124B32EE011B53EC112B5D0045EAD27535
:107470005400002D08BF002C19D040F23341A1EB7D
:107480005551352904DB02F0000203F000430CE003
:10749000202903DD2039CB408B4000E001D10022C0
:1074A00003E00029C4BFCA408A4043EC112B53ECCF
:1074B000112B22F0000433F0004508BF002C17D038
:1074C0009FED483B21EE032B9FED3A5B02EE050B4F
:1074D0009FED3A7B02EE070B9FED3A9B02EE090B04
:1074E0009FED3AAB02EE0A0B9FED3A5B02EE050B05
:1074F000BDEEC11B11EE101A53EC102B23F000430C
:1075000001F0030143EC112B9FED383B0818B4EE5A
:10751000431BF1EE10FA04D5C1073BD5B7EE000BC3
:1075200038E0C10720EE001B1AD59FED322B9FEDEE
:10753000334B01EE024B9FED336B04EE016B9FED7D
:10754000338B06EE018B9FED332B08EE012B9FED65
:10755000334B02EE014BB7EE000B04EE010B19E0CA
:107560009FED307B9FED314B01EE074B9FED318B53
:1075700004EE018B9FED31AB08EE01AB9FED317B4B
:107580000AEE017B9FED314B20EE012B07EE014B04
:1075900002EE040B800748BFB1EE400BBDEC068B3A
:1075A000F0BC704783C8C96D305FE43F0000A0FFA6
:1075B000FFFFDF4100000050FB21B9C10000006067
:1075C000B41011C00000002026A651BE000000002B
:1075D0005C14D3BC000000209A833BBBFFFFFFFF7D
:1075E000FFFFFF7F000000000000303E00000000B1
:1075F0000000403E09260A1039BA213E3BA861C668
:10760000F97D92BE63AC30909F01FA3EF6FB5116B5
:107610006CC156BFB10255555555A53FAEFFFFFF92
:10762000FFFFDFBFB08F2FC310D8E53D8F0C73A1D4
:10763000E1E55ABE4DADE44FE31DC73E3EE3B5194B
:10764000A0012ABFFAF010111111813F4255555582
:107650005555C5BF002085E6B5EEC00AF1EE10FA1B
:1076600002D4B1EEC00A70476FF0004C00EE10CAB1
:10767000AFF300807047000070B541F29411AA4842
:1076800081814FF4967242800D2303700123838021
:10769000A64CA1816280112323700123A380A44DF5
:1076A000A9816A800F232B700123AB80A14EB18189
:1076B00072800E2131700121B1808189C181A1893F
:1076C000E181A989E981B189F181B421B0F90C2066
:1076D000A2F2DC524A4341F2707392FBF3F2D2F110
:1076E000B40200EE102AB8EEC00A80ED020AB4F926
:1076F0000C20A2F2DC5201FB02F141F2707291FB0C
:10770000F2F1D1F1B40100EE101AB8EEC00A84ED26
:10771000020A9FED800ADFED800AB5F90C1001EE38
:10772000101AB8EEC11A31EE201A21EE001ADFED60
:107730007B1A81EE211A85ED021AB6F90C1001EEC2
:10774000101AB8EEC11A71EE200A20EE800ADFEDA1
:10775000730A80EE200A86ED020AB0F90C204FF47D
:1077600096710078FAF74EFDB4F90C204FF496713B
:107770002078FAF747FDB5F90C204FF49671287878
:10778000FAF740FDB6F90C204FF496713078FAF70D
:1077900039FD70BD6448B421B0F90E20A2F2DC526C
:1077A0004A4341F2707392FBF3F2D2F1B40200EE5D
:1077B000102AB8EEC00A80ED020A5C48B0F90E202B
:1077C000A2F2DC5201FB02F141F2707291FBF2F184
:1077D000D1F1B40100EE101AB8EEC00A80ED020A31
:1077E0009FED4C0ADFED4C0A5148B0F90E1001EE46
:1077F000101AB8EEC11A31EE201A21EE001ADFED90
:10780000471A81EE211A80ED021A4A48B0F90E108B
:1078100001EE101AB8EEC11A71EE200A20EE800AAD
:10782000DFED3E0A80EE200A80ED020A70478242B8
:1078300001D2100003E0884201D20800FFE7704740
:107840002DE9F8432DED028B9FED352A41F64C547E
:1078500020EE020ABDEEC00A10EE100A201A20EE39
:10786000820ABDEEC00A10EE105A651B9FED2D0A6C
:10787000FDEEC10AF8EEE00AB0EE401A00EE821A00
:10788000BDEEC18AFDEEE10AF8EEE00A00EE820AE2
:10789000FDEEC08A244E40F2DC5722003900FFF78B
:1078A000C6FFF081DFF88480220039002800FFF74E
:1078B000BEFFA8F80E001E4D2200390018EE100A77
:1078C000FFF7B5FFE881DFF86C902200390018EE71
:1078D000900AFFF7ACFFA9F80E00FFF75BFFB6F9BF
:1078E0000E103078FAF761FCB8F90E1098F8000025
:1078F000FAF75BFCB5F90E102878FAF756FCB9F9DF
:107900000E1099F80000FAF750FCBDEC028BBDE8B0
:10791000F1830000000034430080BBC40080BB45FD
:107920004D5505420080BB44F0100228001102288A
:107930001011022820110228022801D3012010E092
:107940000B00DBB2042B01DB01200AE0DFF86C3313
:1079500003EB8000C9B2405C824201D3012000E009
:1079600000207047F8B506000F0015001C00022E1D
:1079700001D301201DE02A003900C9B23000FFF711
:10798000DBFF012801D1012013E03800C0B200283C
:1079900012D1B4F5807F0DD2DFF824037603304492
:1079A00000EB850010F58050016864F30F21016041
:1079B0000020F2BD0120FCE7FFB2012F11D1B4F588
:1079C000803F0CD2DFF8F8027603304400EB8500EC
:1079D00010F5A050016864F317210160E8E7012069
:1079E000E7E70120E5E700B20012C0B27047F8B542
:1079F00005000E001700280000B2FFF7F4FF040096
:107A00002000C0B2022801D3012023E03A00310057
:107A1000C9B22000C0B2FFF78FFF012801D10120B9
:107A200018E0A7492000C0B2400308442A00D2B29F
:107A300000EB8200D0F8000CF6B266F3092067F381
:107A40000700E4B264032144EDB201EB8501C1F803
:107A5000000C0020F2BD70B504000D001600022CD1
:107A600001D301201CE032002900C9B22000FFF739
:107A700063FF012801D1012012E0914960030858F9
:107A800050F0004050F0407050F47F00EDB265F3CC
:107A9000092066F307006203885064030859002038
:107AA00070BD80B50100C9B2032906DA8549C0B2AC
:107AB000C0010844FFF777FA07E08349C0B2C0016C
:107AC0000844B0F5C070FFF76EFA01BD70B596B00E
:107AD00004000D005021002202AE3000FAF7AEFE85
:107AE00000262000C0B203286ADA0022012120000B
:107AF000C0B200F2711000B2FFF779FF2000C0B2EF
:107B000000F2711000B2FFF76EFF0923002201217D
:107B1000C0B2FFF727FF2000C0B200F2711000B220
:107B2000FFF761FF00220121C0B2FFF794FF2000A0
:107B3000C0B210F5D570ADF800000220ADF802001B
:107B400001208DF80400032260482100C9B250F8DA
:107B500021106846FCF7D8F8ED00029500208DF85A
:107B60000C0000208DF80D0000208DF80E00002084
:107B70008DF8100003208DF84C0001201490002097
:107B80008DF8540000208DF855004E4D02A92000BC
:107B9000C0B2C0012844FFF737F92000C0B2C001CD
:107BA0002844FFF7F1F92000C0B2C0012844FBF7D8
:107BB00048F8E4B2E40105EB0400FFF7EEF97AE0DF
:107BC000002201212000C0B210F5B17000B2FFF711
:107BD0000EFF2000C0B210F5B17000B2FFF703FF36
:107BE000092300220121C0B2FFF7BCFE2000C0B271
:107BF00010F5B17000B2FFF7F6FE00220121C0B20D
:107C0000FFF729FF2000C0B200F29B10ADF8000082
:107C10000220ADF8020001208DF8040003222B4859
:107C20002100C9B250F821106846FCF76DF8ED004C
:107C3000002005E0B5F5803F01D3761C6D08401C9F
:107C40000828F7DB02958DF80C6000208DF80D00F8
:107C500000208DF80E0000208DF8100003208DF814
:107C60004C000120149000208DF8540000208DF865
:107C70005500154D02A92000C0B2C0012844B0F53E
:107C8000C070FFF7C1F82000C0B2C0012844B0F5B1
:107C9000C070FFF779F92000C0B2C0012844B0F5E8
:107CA000C070FAF7CEFFE4B2E40105EB0400B0F5D2
:107CB000C070FFF772F916B070BD00009C910810FB
:107CC000000004400000594000805840600702282E
:107CD0001CB5040069462078FBF7D0FA0100C9B250
:107CE000002900F0A780217AA52901D00021E173A5
:107CF000002108E0E27B531CE3736B465B5CD2B26D
:107D000022441372491C0200D2B29142F2DBE07BA2
:107D10000728C0F28F80207AA52840F08380217A3E
:107D2000607A4118A07A4118E07A4118207B411806
:107D3000607B41182174207CA17B884269D1607AE4
:107D400002280AD1A07AE17A51EA0021E182207B5F
:107D5000617B51EA0021218352E0607A04281ED120
:107D6000A17AE07A50EA0120227B617B51EA02216C
:107D700000B200EE100AB8EEC00ADFED8E0A80EE07
:107D8000200A84ED070A09B200EE101AB8EEC00A04
:107D9000DFED880A80EE200A84ED080A30E0607A80
:107DA00005282DD1A17AE07A50EA0120227B617B5F
:107DB00051EA022100B200EE100AB8EEC00ADFED6F
:107DC0007D0A80EE200AB4F9120000EE900AF8EE67
:107DD000E00A20EE200A84ED090A09B200EE101A2A
:107DE000B8EEC00ADFED730A80EE200AB4F9140081
:107DF00000EE900AF8EEE00A20EE200A84ED0A0A6E
:107E00000020E0730721002208342000FAF716FD55
:107E100010E00020E0730721002208342000FAF768
:107E20000DFD07E00020E073072100220834200048
:107E3000FAF704FD13BD10B55F4B994201DA190042
:107E400006E042F21174A14202DB42F21071FFE738
:107E50009A4201DA1A0006E042F211739A4202DBFA
:107E600042F21072FFE7A5234370012383700B00D9
:107E70001B12C370017111000912417182714278A5
:107E800081788A18C1788A1801798A1841798A1804
:107E900081798A18C2710722411C0078FBF797F993
:107EA00010BD80B5A5214170062181700021C170EF
:107EB0000021017100214171002181714278817896
:107EC0008A18C1788A1801798A1841798A188179C3
:107ED0008A18C2710722411C0078FBF778F901BDAE
:107EE00080B5A5214170022181700021C17000215F
:107EF00001710021417100218171427881788A18D5
:107F0000C1788A1801798A1841798A1881798A1882
:107F1000C2710722411C0078FBF759F901BD80B5F9
:107F2000A5214170052181700021C17000210171DE
:107F30000021417100218171427881788A18C178CD
:107F40008A1801798A1841798A1881798A18C27148
:107F50000722411C0078FBF73AF901BD38B52C2106
:107F60000022164C25002800FAF768FC0420207037
:107F7000012060825FF0FF30A082402340225FF446
:107F8000E1210420FBF726FB06210420FBF703FB7D
:107F900001210420FBF72BFA002200212000FFF72B
:107FA0004AFF2000FFF7BBFF2000FFF77AFF31BD3B
:107FB000000000000000C842F0D8FFFFC00F0228F8
:107FC00038B500F077F900F042F800F0C9F87149CF
:107FD0000868800312D4BFF34F8FBFF36F8F002068
:107FE0006D4A1060BFF34F8FBFF36F8F086850F476
:107FF00000300860BFF34F8FBFF36F8F0868C00376
:1080000024D40020654A1060BFF34F8F6448026893
:10801000C2F34E33C2F3C90443F6E07010EA4310D2
:1080200050EA84705F4D28602000441E0028F3D180
:108030001800431E0028EDD1BFF34F8F086850F49D
:1080400080300860BFF34F8FBFF36F8F31BD70B5C5
:1080500086B0684654491822F9F730F800200AE043
:1080600069460200D2B201EBC2014968491C11F015
:10807000070F0DD1401C0100C9B2032909D269467E
:108080000200D2B211F8321011F0070FE8D0FEE76B
:10809000FEE7464C207810F0070F00D0FEE7444D75
:1080A0002868401C10F0070F00D0FEE7002622E0F1
:1080B00068463100C9B200EBC10041683000C0B26F
:1080C00052F8300000F043F814E000200028EFD010
:1080D0002168491E3000C0B252F8300000F037F875
:1080E00068463100C9B200EBC10041682868401CF5
:1080F00000F02DF8761C3000C0B2032825D26A4665
:108100003000C0B252F83000002813D0206831008F
:10811000C9B252F8311088420AD368463100C9B258
:1081200000EBC10040682168884201D30120CDE7FF
:108130000020CBE768463100C9B200EBC1004068BF
:1081400021688842C1D30120C0E706B070BD00227B
:10815000002302E0C0E9002308308842FAD37047C8
:1081600030B4144880081449144A002308E01C0065
:10817000E4B252F824401D00EDB241F825405B1CEA
:108180001C000500E4B2EDB2AC42F0D30C48016033
:1081900030BC704714ED00E050EF00E084ED00E0EB
:1081A00080ED00E060EF00E0F4900810608B0810B4
:1081B000648B0810800000000012022800000810E4
:1081C00008ED00E010B5002042490860BFF34F8F72
:1081D00041480168C1F34E32C1F3C90343F6E07070
:1081E00010EA421050EA83703C4C20601800431E95
:1081F0000028F3D11000421E0028EDD1BFF34F8FAD
:10820000BFF36F8FBFF34F8FBFF36F8F00203449E1
:108210000860BFF34F8FBFF36F8F00F001F810BD00
:1082200038B586B068462F491822F8F747FF6846E8
:10823000FCF774FFC0B200280DD02B4C18222B493C
:108240002000FDF737FA0020E0754E20284908602D
:108250000020FDF767FA274D2800FDF701FAC0B2AC
:1082600000280DD0204C182220492000FDF722FACA
:108270000020E07550201E4908600020FDF752FAEA
:108280001D49286808600A681C4882181C48B2FB0F
:10829000F0F01C4A10601C48096801F2E7314FF405
:1082A0007A72B1FBF2F101600068C00317490860FF
:1082B00007B030BD80B500F02DF815490A6852F4BA
:1082C00070020A60BFF34F8FBFF36F8F00F026F884
:1082D00001BD000084ED00E080ED00E074EF00E0FF
:1082E00050EF00E00C9108107C100228688B0810F9
:1082F0004C11022860110228641102283F420F002D
:1083000040420F006C1102286811022870110228E7
:1083100088ED00E0EFF3108072B6704780F31088AC
:108320007047000001EE901A02EE102A80ED000A5C
:10833000C0ED010A80ED021A002181610021C161B6
:1083400000210162B8EEE10A80ED030AB8EEC20A2C
:1083500080ED040A00214161704770EE600A90EDE3
:10836000000A20EE200A90ED061A31EE201A80ED68
:10837000061A90ED011AD0ED061A21EE211AD0ED61
:10838000071A70EEE11A90ED022A61EE821A30EEC1
:10839000010A30EE210A90ED031AB4EE401AF1EE14
:1083A00010FA02D590ED030A08E090ED041AB4EE3D
:1083B000410AF1EE10FA01D590ED040AC0ED070A6A
:1083C00080ED080A7047000010B52DED028B0020EB
:1083D0009FED378A1420354C2168226892FBF0F219
:1083E00000FB1210002810D13E48B0F9160000EE34
:1083F000100AF8EEC00A9FED2E0A2E48FFF7ADFFD7
:10840000B1EE400A2F4880ED000A2B489FED2B0B60
:108410002C4991ED001AB7EEC11A31EE001BB7EEF0
:10842000C11B80ED011A284A91ED001AB7EEC11A5E
:1084300030EE410BB7EEC00B82ED010A9FED230A2F
:1084400080ED000A82ED000A0A202168226892FB72
:10845000F0F200FB121000280CD11D48D0ED010AEB
:10846000B0EE480A1B48FFF778FFB1EE400A1B4800
:1084700080ED000A1848B0F9000000EE100AF8EE8E
:10848000C00A164890ED000A1548FFF766FFBDEEDA
:10849000C00A10EE101A4A421248FFF7CCFC2068BE
:1084A000401C2060BDEC028B10BD0000541102285E
:1084B00000000000EC0F022824070228F6285C8F39
:1084C000C2F5F83F58110228040702288FC2753DF3
:1084D000301102283C100228921102285C11022857
:1084E00014100228C00F0228010009B2002908D484
:1084F000012210F01F018A404F4900B2400941F8A3
:1085000020207047FEE780B54C4800684C48016861
:108510000800C00F002805D04A488905890D50F889
:10852000210080470020FFF7DFFF01BD80B54648EE
:108530000068464801680800C00F002805D041487F
:108540008905890D50F8210080470120FFF7CCFFF5
:1085500001BD80B53E4800683E4801680800C00F74
:10856000002805D037488905890D50F8210080473B
:108570000220FFF7B9FF01BD80B5374800683748D2
:1085800001680800C00F002805D02E488905890D14
:1085900050F8210080470320FFF7A6FF01BD80B5FA
:1085A0002F4800682F4801680800C00F002805D038
:1085B00024488905890D50F8210080470420FFF7E1
:1085C00093FF01BD80B5284800682848016808006D
:1085D000C00F002805D01B488905890D50F82100DF
:1085E00080470520FFF780FF01BD80B52048006867
:1085F000204801680800C00F002805D011488905EF
:10860000890D50F8210080470620FFF76DFF01BD5E
:1086100080B519480068194801680800C00F002893
:1086200005D008488905890D50F8210080470720AA
:10863000FFF75AFF01BD000080E200E0A49108109E
:108640000001204000000228A891081004012040E9
:10865000AC91081008012040B09108100C01204096
:10866000B491081010012040B89108101401204066
:10867000BC91081018012040C09108101C01204036
:1086800080B50020FFF70DFA4048FFF729FCFDF701
:108690007DFAFFF799FE01BD80B50120FFF701FAD1
:1086A0003B493C48FEF74AFE01BD80B50220FFF77A
:1086B000F8F901BD80B50320FFF7F3F901BD80B5DE
:1086C0000420FFF7EEF901BD80B50520FFF7E9F9B9
:1086D00001BD80B50620FFF7E4F901BD80B5072094
:1086E000FFF7DFF901BD80B50820FFF7DAF901BD1A
:1086F00080B50920FFF7D5F901BD80B50A20FFF745
:10870000D0F901BD80B50B20FFF7CBF901BD80B5D5
:108710000C20FFF7C6F901BD80B50D20FFF7C1F9A8
:1087200001BD80B50E20FFF7BCF900F043F801BD94
:1087300080B50020FAF7B5FB002801D0F9F7DBFF80
:1087400001BD80B50120FAF7ACFB002802D0124829
:108750000068804701BD80B50220FAF7A2FB00281F
:1087600001D000F065F801BD80B50320FAF799FB50
:1087700001BD80B50420FAF794FB002805D0074816
:10878000006880470148FFF7A3FA01BDC00F022827
:1087900004070228240702284C0702285007022851
:1087A00080B50520FAF77DFB01BD80B50620FAF7FC
:1087B00078FB01BDF8B51948007800282DD00020BD
:1087C000174C08202060174D0420286008202860DE
:1087D000042020600820206004202860002615E086
:1087E00008202860104F072000F0ACF83100C9B213
:1087F00027F81100042000F0A5F83100C9B207EBFA
:108800004101A1F8000108202060761C3000C0B2B0
:108810008028E5DB012005490870F1BDA51102287B
:108820000803314004033140E8070228A61102285A
:108830001FB50020019040480078002868D004E06F
:10884000012269463D48FBF74AF869460220FAF7DB
:10885000DBFC0028F4D19DF800000A2858D106203E
:108860000190364C012301AA02A92000FBF707F969
:10887000032228A10DF10B0000F09EF8002810D172
:108880002748017802293DD0012101702000FBF723
:1088900015F80190002301AA22492000FBF7EFF808
:1088A00030E003221CA10DF10B0000F085F8002838
:1088B00010D11D480178022924D001210170200027
:1088C000FAF7FCFF0190002301AA18492000FBF7EA
:1088D000D6F817E0032211A10DF10B0000F06CF89F
:1088E00000280FD11248017802290BD00121017014
:1088F0002000FAF7E3FF0190002301AA0D492000B0
:10890000FBF7BDF82000FAF79FFF01200C49087023
:108910001FBD0000524D43004747410054485300DB
:10892000A3110228F00B0228A2110228700B0228C2
:10893000A4110228700C0228A1110228C4100228D8
:10894000A011022830B40100C9B249090200D2B214
:10895000202392FBF3F403FB1422154BC0B21B5CE3
:108960005B00D3F10403134C0800C0B254F820009C
:108970001500EDB2AD01284400F63C00056855F045
:10898000010505600800C0B254F82000D0F80002CC
:10899000C00F0028F6D1C9B254F82100D2B292011A
:1089A0001044D0F8240880B2184180B230BC70471F
:1089B000380F0228540702288AB10B7890F800C0BB
:1089C0009C4506D110F8013B4BB1491C521EF4D115
:1089D00005E002D24FF0FF307047012070470020C1
:1089E0007047000010B5274800F058F8F9F7F2FE7C
:1089F000FDF7A2FFFEF740FEFCF7EAFE224C220044
:108A00004FF4FA519FED1B1ADFED1A0A9FED1A0A77
:108A10001E48FFF787FC22004FF4FA519FED151A0C
:108A2000DFED140A9FED150A1948FFF77BFC5FF094
:108A3000FF3201219FED0F1ADFED0E0A9FED100AA4
:108A40001448FFF76FFC4FF47A710020FFF73EF8EF
:108A500041F288310120FFF739F8FFF77FFA0E4C19
:108A60002068002801D1FFF779FA2068401C2060B7
:108A7000F5E700BF000000003333B33FCD8CCF4398
:108A80006F12833A80B2E60EC0E0FFFF1410022896
:108A90003C100228EC0F02285011022880B505492D
:108AA0000860FFF78FFBFEF7DCF80020FBF704F906
:108AB00001BD00007411022872B61D4908684FEA12
:108AC000102000F00F000E2808BF1A490D2808BF1B
:108AD0001949072808BF1949082808BF1849086814
:108AE00020F00B0008600868BFF34F8F1548164947
:108AF0000860BFF34F8F1549086840F00700086011
:108B00001349086840F007000860BFF34F8FBFF3B8
:108B10006F8F00200021124AE2E802016A45FBD172
:108B20000C4FB8470C4FB8470C4FB847FEE7000052
:108B3000000020400C0020400C0420400C08204085
:108B40000C0C20400000081008ED00E090EF00E061
:108B500094EF00E0C17F0810798F0810D9900810B9
:108B600000FF0728FFFF0728453A5C536D617274C8
:108B70004361725C5A68754665695C5365656B66EE
:108B80007265655F4359543442425F4F70656E733E
:108B90006F757263655F4C6962726172795C6C6952
:108BA000627261726965735C73646B5C7476696927
:108BB0006268346D5C7372635C73797374656D5C49
:108BC00073797374656D5F747669696268346D5F1B
:108BD000636D372E63000000453A5C536D6172741B
:108BE0004361725C5A68754665695C5365656B667E
:108BF0007265655F4359543442425F4F70656E73CE
:108C00006F757263655F4C6962726172795C6C69E1
:108C1000627261726965735C73646B5C74766969B6
:108C20006268346D5C7372635C64726976657273DA
:108C30005C737973636C6B5C63795F737973636C7A
:108C40006B2E6800453A5C536D6172744361725CCF
:108C50005A68754665695C5365656B667265655FE4
:108C60004359543442425F4F70656E736F7572633F
:108C7000655F4C6962726172795C6C696272617283
:108C80006965735C73646B5C747669696268346D82
:108C90005C7372635C647269766572735C7379731A
:108CA000636C6B5C63795F737973636C6B2E6300C9
:108CB000453A5C536D6172744361725C5A687546E3
:108CC00065695C5365656B667265655F43595434CD
:108CD00042425F4F70656E736F757263655F4C697A
:108CE00062726172795C6C69627261726965735CEF
:108CF0007A665F6465766963655C7A665F646576EB
:108D00006963655F696D7536363072622E63000087
:108D1000453A5C536D6172744361725C5A68754682
:108D200065695C5365656B667265655F435954346C
:108D300042425F4F70656E736F757263655F4C6919
:108D400062726172795C6C69627261726965735C8E
:108D50007A665F636F6D6D6F6E5C7A665F636F6D71
:108D60006D6F6E5F6669666F2E630000453A5C53F7
:108D70006D6172744361725C5A68754665695C53D3
:108D800065656B667265655F4359543442425F4F57
:108D900070656E736F757263655F4C696272617244
:108DA000795C6C69627261726965735C7A665F6432
:108DB00072697665725C7A665F6472697665725F05
:108DC00070776D2E63000000453A5C536D617274DC
:108DD0004361725C5A68754665695C5365656B668C
:108DE0007265655F4359543442425F4F70656E73DC
:108DF0006F757263655F4C6962726172795C6C69F0
:108E0000627261726965735C7A665F6472697665C5
:108E1000725C7A665F6472697665725F7370692EE0
:108E200063000000453A5C536D6172744361725C8B
:108E30005A68754665695C5365656B667265655F02
:108E40004359543442425F4F70656E736F7572635D
:108E5000655F4C6962726172795C6C6962726172A1
:108E60006965735C7A665F6472697665725C7A665E
:108E70005F6472697665725F756172742E6300005B
:108E80004260E53B00000000000000000000000020
:108E9000000000004260E53B000000000000000010
:108EA00000000000000000004260E53B0000000000
:108EB0000000000000000000000000004260E53BF0
:108EC00000247449000000000000000000000000C1
:108ED00000000000002474490000000000000000B1
:108EE00000000000000000000024744900000000A1
:108EF0000000000000000000000000000024744991
:108F00000000803F000000000000000000000000A2
:108F1000000000000000803F000000000000000092
:108F200000000000000000000000803F0000000082
:108F30000000000000000000000000000000803F72
:108F400030B4002512E050F8042BD30744BF4A4444
:108F5000521E091F042942F8045BFAD213468C07FB
:108F600044BF15809B1CC90748BF1D7050F8041BE7
:108F70000029E8D130BC704710B507497944183151
:108F8000064C7C44163404E00A68081D11448847E6
:108F90000146A142F8D110BD500000006C00000055
:108FA0000050C34700000000000000000000000067
:108FB0000050C34700000000000000000000000057
:108FC0000050C3474EF68851CEF20001086840F4C5
:108FD00070000860BFF34F8FBFF36F8F4FF00170C9
:108FE000E1EE100A7047000059FFFFFFC0090000C2
:108FF000E807022800000000377FFFFF760200002C
:109000008E0100000000022804207146084202D0B0
:10901000EFF3098001E0EFF3088000B501498847CC
:1090200000BD0000295708100000000000000000EB
:10903000801C800803D0401C801EFCD100BF7047FC
:10904000EFF3108072B6704780F31088704700000D
:1090500000F00EF8002801D0FFF78EFFAFF300807C
:109060000020AFF30080FFF7BDFC00F003F8000024
:109070000020704700F000B807463846F8F7A6FA17
:10908000FBE700000D0A66696C65202573206C699A
:109090006E652025643A2025732E0D0A000000001D
:1090A000696D7536363072622073656C6620636850
:1090B00065636B206572726F722E0000042071462A
:1090C000084201D0EFF30980EFF3088000B50149B1
:1090D000884700BD919108100548014603B46846D1
:1090E00080F30988AFF30080FFF76CFFFFF7B0FF54
:1090F000A5EDF5FE00000228FFFF07280000002074
:10910000FF3F002000000000FF3F000000127A0037
:10911000000000000024F400008000000080000037
:10912000008000000D0A66696C65202573206C695B
:109130006E652025642E0D0A000000000000803FAF
:1091400000000000000000000000000066696C657F
:109150003A206D646B2F2573000000004173736526
:109160007274206572726F720000000066696C652F
:109170003A202573000000006C696E653A20256472
:10918000000000004C6F67206D65737361676500B8
:10919000816911F8021CC9B2016070470301000027
:1091A000101100100000000000000000000000008E
:1091B00000000000000000000000000000000000AF
:1091C000000000000000000000000000000000009F
:1091D000000000000000000000000000000000008F
:1091E000000000000000000000000000000000007F
:1091F000000000000000000000000000000000006F
:10920000000000000000000000000000000000005E
:10921000000000000000000000000000000000004E
:10922000000000000000000000000000000000003E
:1092300000000000FFF7FEBFFFF7E6BEFFF7E4BE49
:10924000FFF7E2BEFFF7FEBFFFF7FEBFFFF7FEBF6F
:10925000FFF7FEBFFFF7FEBFFFF7FEBFFFF7FEBF42
:10926000FFF7FEBFFFF7FEBFFFF7FEBFFFF7FEBF32
:109270007047F002FF0585081004F1FF04F1FF04B8
:10928000F1FF04F1FF04F1FF04F17704500700003F
:1092900002280AD7233C0001F00F06CDCC1C416FF9
:1092A00012833A8FC2753D14AEC73F0001F10F2003
:1092B000200A000080453333834171920810041066
:1092C00004000090400010041006209040818608A1
:1092D00010990412AB0412B50412BF0412C904128F
:1092E000D30412DD0412E70412F10412FB0410038C
:1092F000058708100F04121904122304100500003A
:1093000067400000680412690410016640311412BD
:10931000430412570412690412730412A10432ABFD
:109320002C12602412650412640412630443624028
:1093300040000466407701010600000000000000C4
:10934000000000000000000000000000000000001D
:10935000000000000000000000000000000000000D
:1093600000000000000000000000000000000000FD
:1093700000000000000000000000000000000000ED
:1093800000000000000000000000000000000000DD
:1093900000000000000000000000000000000000CD
:1093A00000000000000000000000000000000000BD
:1093B00000000000000000000000000000000000AD
:1093C000000000000000000000000000000000009D
:1093D000000000000000000000000000000000008D
:1093E000000000000000000000000000000000007D
:0993F00000000000000000000074
:04000005100890D976
:00000001FF
